episode,length,time,reward,delta
0,3.0,0.00036813164660998154,-1.3,-1.0
1,4.0,0.00033145952875202056,-1.4,-1.0
2,2.0,0.00023590045202581678,-1.1,-1.0
3,8.0,0.0007496627222280949,-1.7,-0.9
4,9.0,0.0007514258040828281,-1.7999999999999998,-0.91
5,7.0,0.0008300592890009284,-1.7,-1.0
6,7.0,0.0005849908075106214,-1.5,-0.827
7,10.0,0.0007976185688676196,-1.6,-0.96542
8,1.0,0.00019147077000525314,-1.1,-0.868878
9,5.0,0.0006248364734346978,-1.2,-0.980899
10,17.0,0.0010998109264619416,-2.7,-1.0
11,1.0,0.0001375204428768484,-1.1,-0.76971509
12,32.0,0.002254982647173165,-3.800000000000001,-0.9
13,19.0,0.003034970390217495,-2.9000000000000004,-1.0
14,2.0,0.00034274325753358426,-1.1,-0.7819902
15,2.0,0.00030642375622846885,-1.1,-0.8828091
16,39.0,0.0028766455725417472,-4.400000000000002,-0.81
17,10.0,0.002221484078290814,-2.0,-0.7566003066389999
18,34.0,0.0022190157633303897,-4.400000000000002,-1.0
19,7.0,0.0007620043006681954,-1.5,-0.99
20,3.0,0.00032581766481598606,-1.2,-0.6809402759751
21,19.0,0.0028399734546837863,-2.6000000000000005,-0.8267356364189999
22,19.0,0.0012137060630266205,-2.6000000000000005,-1.0
23,4.0,0.0003194705677742604,-1.4,-0.980899
24,1.0,0.0001653771478231647,-1.1,-0.7314986130900383
25,2.0,0.00021650654343829956,-1.1,-0.61284624837759
26,2.0,0.00022179579082148848,-1.2,-0.5858666232688137
27,4.0,0.00041150347897200845,-1.1,-0.8330257346867392
28,14.0,0.0010194143605986028,-2.3,-1.0
29,8.0,0.0006544562620547367,-1.7,-0.899267142219
30,4.0,0.0003825889252766501,-1.4,-0.8093404279970999
31,11.0,0.0008409904012296465,-2.0999999999999996,-1.0
32,8.0,0.0006879548309370875,-1.3,-1.0
33,1.0,0.0019365699299669359,-1.1,-0.6583487517810345
34,22.0,0.0014637111762567656,-3.1000000000000005,-1.0
35,30.0,0.001940801327691588,-3.2000000000000006,-0.899734471
36,25.0,0.0020208452788210707,-3.2000000000000006,-0.980899
37,32.0,0.0024602054627393954,-3.1000000000000005,-0.9
38,15.0,0.001022587909574213,-2.5,-0.6778944700489966
39,2.0,0.00022884812096890528,-1.2,-0.6385850919448118
40,8.0,0.0006805498842368252,-1.1,-0.5747265827503306
41,20.0,0.001312086072175589,-2.6000000000000005,-0.8074696320846946
42,32.0,0.002363588536354655,-3.2000000000000006,-0.88442629
43,17.0,0.001182675809104694,-2.3,-0.9727281
44,33.0,0.0020610435612979927,-4.200000000000001,-0.7966034813805252
45,26.0,0.0019129446227452718,-2.9000000000000004,-0.7346632909702325
46,7.0,0.0006251890908970381,-1.5,-0.5549156740427315
47,4.0,0.00032052841743279714,-1.3,-0.729
48,37.0,0.005214140486714314,-4.400000000000002,-0.9
49,14.0,0.0009400756434843061,-1.9,-0.891
50,18.0,0.0016604711945547024,-2.5,-0.7595001713889439
51,8.0,0.0007542467365055927,-1.5,-0.6611969618732092
52,24.0,0.0015818377105460968,-2.4000000000000004,-0.7564212015206712
53,14.0,0.0010067201656056568,-1.5,-0.8019
54,5.0,0.00037941537630103994,-1.4,-0.5742262722126077
55,38.0,0.002522618587136094,-3.600000000000001,-0.845800773278931
56,31.0,0.002889692384087539,-2.9000000000000004,-1.0
57,20.0,0.002059280478533765,-2.4000000000000004,-0.9725561
58,26.0,0.001703490409454389,-3.3000000000000007,-1.0
59,4.0,0.0003543796028679935,-1.3,-0.9403789960631913
60,1.0,0.00015656173582101474,-1.1,-0.7847251362265687
61,6.0,0.000554665786694386,-1.5,-0.7062526226039119
62,3.0,0.0002619940751173999,-1.1,-0.6185758324908203
63,6.0,0.0011534086388564901,-1.2,-0.5567182492417382
64,4.0,0.000476384919238626,-1.4,-0.87545529
65,19.0,0.0015374080285255332,-2.9000000000000004,-1.0
66,16.0,0.001368857332636253,-2.3,-0.9641816507357723
67,15.0,0.0009725163636176148,-2.3,-1.0
68,21.0,0.0021534290890485863,-3.0000000000000004,-0.6716790085948829
69,2.0,0.000231316437748319,-1.1,-0.5400918803624594
70,8.0,0.0006837234332124353,-1.5,-0.850749455507496
71,20.0,0.0013462898741636309,-2.5,-0.9
72,6.0,0.0005596024175247294,-1.4,-0.6560999999999999
73,44.0,0.003069174193115032,-4.100000000000001,-0.99
74,19.0,0.0012870502996520372,-2.0999999999999996,-0.99
75,17.0,0.0010761856201497721,-2.0,-0.5629721173821118
76,2.0,0.00019605478519224562,-1.1,-0.7824787210873623
77,52.0,0.003215862666365865,-5.4,-0.885830054719841
78,5.0,0.001356163137643307,-1.5,-0.5451726269688524
79,6.0,0.0006389411346390261,-1.5,-0.7972470492478568
80,15.0,0.0012059484997735126,-2.4000000000000004,-1.0
81,10.0,0.0007094644388416782,-2.0,-0.7783041142175121
82,16.0,0.0010991056942657451,-2.2,-0.59049
83,22.0,0.0015349397135651088,-2.7,-0.7548688509970884
84,27.0,0.001848063183388149,-2.6000000000000005,-0.5314409999999999
85,5.0,0.00044359158255247166,-1.5,-0.94749308
86,10.0,0.0007348528279180755,-2.0,-1.0
87,3.0,0.00037201042869128287,-1.1,-0.8159322125290831
88,19.0,0.0012503781808845815,-1.9,-0.7343389912761749
89,21.0,0.0013568683698395034,-2.5,-0.839833870424364
90,20.0,0.0013554579045376158,-2.9000000000000004,-1.0
91,10.0,0.0006749080203007907,-1.7999999999999998,-0.8402064124595676
92,55.0,0.0037056470127936336,-4.900000000000002,-0.7314889886920672
93,34.0,0.0026763593896248494,-3.600000000000001,-0.8166775584684406
94,5.0,0.00046192764148145216,-1.3,-0.6921573610411051
95,36.0,0.0022814288868175936,-3.800000000000001,-1.0
96,10.0,0.000690070530254161,-1.6,-0.6784767276568547
97,14.0,0.0009912050381899462,-1.7999999999999998,-0.6229416249369947
98,9.0,0.0006868969821880455,-1.7999999999999998,-0.716696000032854
99,7.0,0.0005074151731605525,-1.3,-0.6041565970932137
100,15.0,0.0012944552463522996,-2.2,-0.7193882739973092
101,17.0,0.0011812653428933118,-2.3,-1.0
102,6.0,0.0004989523758922587,-1.3,-0.6639412026452983
103,11.0,0.0007612990675625042,-1.4,-0.72171
104,13.0,0.0016174519796550157,-2.0999999999999996,-0.6267418864692591
105,7.0,0.0006368254353219527,-1.7,-0.6450264000295687
106,17.0,0.0012553148126244196,-2.3,-0.6745851
107,15.0,0.001168923765362706,-2.2,-0.8703100006498325
108,12.0,0.001098400461160054,-2.0,-0.6474494465975783
109,21.0,0.0013536948208638933,-2.7,-0.8565750936213203
110,20.0,0.0014725265891684103,-2.8000000000000007,-0.734860148213094
111,4.0,0.0003825889243671554,-1.2,-0.6818365080103195
112,11.0,0.0008025552006074577,-1.7999999999999998,-0.6613741333917846
113,10.0,0.0009037561412696959,-1.7999999999999998,-0.8529660793960628
114,18.0,0.0011576400356716476,-2.2,-0.8575346755222468
115,12.0,0.0009224448176610167,-2.0999999999999996,-0.81
116,25.0,0.0017948180884559406,-3.2000000000000006,-0.9
117,14.0,0.0009933207384165144,-2.0,-0.6767253791547839
118,36.0,0.002350189108256018,-4.500000000000002,-0.81
119,17.0,0.0010842957999557257,-2.7,-0.8832600815251257
120,17.0,0.0011738603961930494,-2.7,-0.60712659
121,5.0,0.0004922526622976875,-1.4,-0.7193301426309167
122,29.0,0.002309990824869601,-3.400000000000001,-0.7946721100444902
123,65.0,0.003973282950937573,-5.4,-1.0
124,7.0,0.000497894526233722,-1.4,-0.6622960763933698
125,16.0,0.001166455449492787,-2.0,-0.5960664687540329
126,36.0,0.0025723375165398465,-2.6000000000000005,-0.4782968999999999
127,12.0,0.0010162408116229926,-1.7,-0.8012136946632274
128,22.0,0.0016068734830696485,-3.1000000000000005,-0.9
129,55.0,0.0034327218263570103,-4.8000000000000025,-1.0
130,13.0,0.0008459270320599899,-2.2,-0.7535429899089832
131,18.0,0.0013209014850872336,-1.9,-0.780567344543221
132,31.0,0.0035854047782777343,-3.400000000000001,-0.7936200985465451
133,43.0,0.003206694636901375,-4.8000000000000025,-0.8007477217017567
134,2.0,0.000279272283478349,-1.1,-0.7025106100888988
135,11.0,0.0009217395836458309,-2.0999999999999996,-0.7694989181132375
136,8.0,0.0006452882316807518,-1.7,-0.9568546719409224
137,7.0,0.0005201093681534985,-1.7,-0.9
138,9.0,0.0006100265800341731,-1.7999999999999998,-0.6322595490800089
139,13.0,0.0009425439584447304,-2.2,-1.0
140,21.0,0.0013346535297387163,-2.6000000000000005,-0.6781886909180849
141,13.0,0.0011269623992120614,-1.6,-0.7686713312085226
142,68.0,0.004325899471950834,-5.6,-0.4304672099999999
143,23.0,0.001568085665894614,-3.2000000000000006,-0.8408991295814696
144,6.0,0.0005856960397068178,-1.2,-0.7801394147823761
145,3.0,0.00030466067346424097,-1.3,-0.7568092166233226
146,9.0,0.0007182798517533229,-1.9,-0.6715891395520301
147,13.0,0.0009354916282973136,-1.5,-0.7021254733041384
148,6.0,0.0007570676689283573,-1.1,-0.6750010630110719
149,8.0,0.0006364728196786018,-1.7,-0.9899
150,20.0,0.0012609566774699488,-2.2,-0.7023275015829957
151,5.0,0.0003801206094067311,-1.4,-0.725242383306913
152,30.0,0.0019207021859983797,-3.2000000000000006,-0.7307221768766814
153,20.0,0.001304328508922481,-3.0000000000000004,-0.81
154,2.0,0.00037377351145551074,-1.1,-0.6356714516440922
155,18.0,0.0013254854993647314,-1.7,-0.7213353050498991
156,5.0,0.00044676513061858714,-1.2,-0.6492017745449091
157,31.0,0.0023138696069509024,-3.3000000000000007,-0.6152137458258504
158,8.0,0.0006273047902141116,-1.7,-0.8917999999999999
159,6.0,0.0004386549517221283,-1.3,-0.6419157972085408
160,35.0,0.0022306521077553043,-2.9000000000000004,-0.74693810403472
161,9.0,0.000611789662798401,-1.7,-0.7157743811653474
162,63.0,0.005109060763970774,-5.300000000000001,-0.61315066411
163,29.0,0.0019291649832666735,-3.600000000000001,-0.7325545223123142
164,29.0,0.0018748620386759285,-3.700000000000001,-0.7669019362169464
165,6.0,0.002021550511017267,-1.1,-0.746240160382518
166,11.0,0.0008607369263700093,-1.6,-0.6576499591890133
167,6.0,0.0006075582641642541,-1.3,-0.6933774808176769
168,28.0,0.0037461979118234012,-3.700000000000001,-0.958688
169,3.0,0.0005176410513740848,-1.1,-0.6708885308914829
170,14.0,0.0009312602305726614,-1.9,-0.7105539699516661
171,36.0,0.0023265638010343537,-4.100000000000001,-0.7301168587069484
172,52.0,0.0031647332698412356,-3.9000000000000012,-0.7263910389678294
173,1.0,0.0002662254728420521,-1.1,-0.7182741069308403
174,7.0,0.0005564288694586139,-1.6,-0.6537519350710466
175,24.0,0.001530708314930962,-3.0000000000000004,-0.9
176,5.0,0.0004943683616147609,-1.3,-0.5883767415639418
177,4.0,0.00048273201628035167,-1.4,-0.5518355976989999
178,33.0,0.0029136703078620485,-3.400000000000001,-0.8587666613322724
179,52.0,0.0031333504002759582,-5.899999999999999,-0.6686759364671158
180,7.0,0.0004936631285090698,-1.7,-0.7378473323980331
181,36.0,0.0022098477338658995,-3.0000000000000004,-0.7037460884504069
182,98.0,0.007073840014527377,-9.599999999999985,-0.89246069840538
183,6.0,0.0004432389659996261,-1.1,-0.7982170970664032
184,18.0,0.0011498824733280344,-2.4000000000000004,-0.6803132335522171
185,23.0,0.0015694961321059964,-2.3,-0.774478730429
186,18.0,0.0017345206633763155,-2.2,-0.7183953873597629
187,4.0,0.00046333810860232916,-1.4,-0.5654953572554066
188,5.0,0.00043830233425978804,-1.4,-0.7280039769788794
189,20.0,0.0013455846419674344,-2.2,-0.6018083428204042
190,9.0,0.0006678556901533739,-1.7,-0.6891966983488853
191,32.0,0.004557921142804844,-2.4000000000000004,-0.7227914133587631
192,44.0,0.004741986966109835,-4.300000000000002,-0.3874204889999999
193,10.0,0.0007168693855419406,-1.6,-0.8087456583646025
194,18.0,0.0012412101514200913,-1.9,-0.7341163858774137
195,2.0,0.00025599959371902514,-1.1,-0.7305264889863903
196,10.0,0.0014721739726155647,-1.7999999999999998,-0.6809540287100435
197,13.0,0.0009143346369455685,-1.7,-0.6128586258390392
198,2.0,0.00020099141693208367,-1.1,-0.7444417205062187
199,22.0,0.0013998875865581795,-1.9,-0.6811479731761292
200,37.0,0.002275081789775868,-4.500000000000002,-0.6505122720228868
201,45.0,0.0040307594445039285,-5.100000000000001,-0.6655171499407977
202,20.0,0.0014506643656204687,-2.9000000000000004,-0.80262
203,40.0,0.0024880621676857118,-4.500000000000002,-0.627994115358004
204,1.0,0.00013857829253538512,-1.1,-0.7215478918236669
205,58.0,0.004341414599366544,-5.899999999999999,-0.6493931026413002
206,18.0,0.0012641302255360642,-2.7,-0.7951154110357215
207,1.0,0.0002524734281905694,-1.1,-0.6859920169453428
208,5.0,0.0005165832017155481,-1.5,-0.5416275085383637
209,7.0,0.0006343571203615284,-1.6,-0.6173928152508085
210,2.0,0.0002524734281905694,-1.1,-0.5844537923771702
211,13.0,0.0009531224550300976,-1.9,-0.6397089733726824
212,6.0,0.0004432389659996261,-1.1,-0.5260084131394531
213,23.0,0.0016178045952983666,-3.3000000000000007,-1.0
214,19.0,0.0013163174708097358,-2.6000000000000005,-0.972539
215,43.0,0.003872434625918686,-4.200000000000001,-0.575738076035414
216,2.0,0.00027292518643662333,-1.2,-0.5255380306066143
217,44.0,0.0027010425455955556,-3.400000000000001,-0.525102487964463
218,12.0,0.0009002299757412402,-1.7999999999999998,-0.7065207722446984
219,23.0,0.001442906801457866,-2.2,-0.4725922391680166
220,8.0,0.0005874591233805404,-1.5,-0.4253330152512149
221,6.0,0.0006579824275831925,-1.4,-0.7815078416625654
222,3.0,0.00034027494166366523,-1.3,-0.708176059895181
223,8.0,0.0007895083890616661,-1.3,-0.5890067757300802
224,1.0,0.00017313471198576735,-1.1,-0.5301060981570722
225,40.0,0.0024238859605247853,-3.800000000000001,-0.47709548834136495
226,11.0,0.0009203291174344486,-1.7999999999999998,-0.972719
227,18.0,0.0011964278537561768,-2.4000000000000004,-0.7041211131666187
228,4.0,0.00038364677402569214,-1.4,-0.34867844009999993
229,16.0,0.0012567252788358019,-1.7999999999999998,-0.5292777767264665
230,14.0,0.000992262887848483,-1.9,-0.6983680222746222
231,21.0,0.0013491108065863955,-1.7999999999999998,-0.7033570574963088
232,5.0,0.00046510119045706233,-1.3,-0.5263664928184131
233,34.0,0.0021904538243688876,-4.100000000000001,-0.8261405230909498
234,9.0,0.001977120829906198,-1.9,-0.659249008068046
235,12.0,0.000884714850144519,-1.7,-0.6786409177790448
236,8.0,0.0006008585505696828,-1.7,-0.5933241072612414
237,47.0,0.003353383108333219,-5.300000000000001,-0.99
238,4.0,0.0003787101422858541,-1.4,-0.6636633631886297
239,11.0,0.0008244174241553992,-1.4,-0.6266633906232869
240,1.0,0.0001893550706881797,-1.1,-0.6078487923926963
241,10.0,0.0007031173417999526,-1.7,-0.6586352232449293
242,7.0,0.0005197567516006529,-1.7,-0.5927717009204363
243,114.0,0.008351017051609233,-10.89999999999998,-0.6839478456413532
244,38.0,0.00250498776040331,-4.300000000000002,-0.9516103359901072
245,3.0,0.000296903110211133,-1.1,-0.6509329764247869
246,47.0,0.003570947501430055,-5.5,-0.5276101468876162
247,29.0,0.0019062449091507006,-3.3000000000000007,-0.5334945308283927
248,2.0,0.0003392170920051285,-1.1,-0.6266890859122565
249,3.0,0.00032334934894606704,-1.2,-0.5640201773210308
250,28.0,0.002747235310380347,-2.4000000000000004,-0.5076181595889278
251,30.0,0.0018427739350954653,-3.9000000000000012,-0.31381059608999995
252,2.0,0.00023237428740685573,-1.2,-0.456856343630035
253,71.0,0.006060772751879995,-6.399999999999997,-0.8999
254,18.0,0.0018339585230933153,-1.7999999999999998,-0.8004912832200392
255,6.0,0.0005426768248071312,-1.3,-0.6265099915661245
256,5.0,0.00048026370131992735,-1.2,-0.7480096188329954
257,65.0,0.004578372900141403,-6.399999999999997,-0.9512107875962573
258,5.0,0.00038329415838234127,-1.3,-0.5851418806797746
259,18.0,0.0021664759015038726,-2.3,-1.0
260,17.0,0.0010927585963145248,-2.2,-0.282429536481
261,1.0,0.0001375204428768484,-1.1,-0.5963940613504755
262,6.0,0.0007055856576698716,-1.6,-0.5162693770353916
263,5.0,0.0004541700782283442,-1.1,-0.5367546552154279
264,16.0,0.001083237950297189,-2.5,-0.6302329226562833
265,8.0,0.0011650449832814047,-1.2,-0.4830791896938851
266,25.0,0.0024323487568835844,-2.2,-0.6865183713494576
267,43.0,0.002955631674012693,-3.600000000000001,-0.6178665342145118
268,35.0,0.002415423165075481,-4.400000000000002,-0.5672096303906549
269,8.0,0.0006569245779246558,-1.6,-0.4801450777455534
270,14.0,0.0009072823077076464,-1.4,-0.5628792061058908
271,37.0,0.0022458146186181693,-4.300000000000002,-0.667536903559447
272,49.0,0.002959157838631654,-5.000000000000002,-0.5065912854953017
273,5.0,0.0005229302996667684,-1.4,-0.5918849632701119
274,36.0,0.0022994123291937285,-4.000000000000002,-0.9
275,4.0,0.0003825889252766501,-1.3,-0.5104886673515894
276,13.0,0.0011438879919296596,-2.0999999999999996,-0.8597223224385178
277,39.0,0.0025592907040845603,-3.400000000000001,-0.7626714373312168
278,5.0,0.0005373875765144476,-1.4,-0.7993317484910567
279,18.0,0.0012165269954493851,-2.6000000000000005,-0.5326964669431007
280,26.0,0.0016086365658338764,-3.600000000000001,-0.8564493023910965
281,2.0,0.00032722813102736836,-1.1,-0.719398573641951
282,20.0,0.001498972828812839,-2.9000000000000004,-0.4559321569457716
283,4.0,0.0005856960406163125,-1.3,-0.7597390731603906
284,21.0,0.0013981245028844569,-2.8000000000000007,-0.81
285,9.0,0.0006530457958433544,-1.2,-0.4103389412511944
286,28.0,0.0019785312961175805,-3.800000000000001,-0.6970308573860999
287,23.0,0.001978883912670426,-3.0000000000000004,-0.729
288,13.0,0.0010384556526332744,-1.9,-0.5024082792220458
289,4.0,0.00043125000411237124,-1.1,-0.4802057086849407
290,29.0,0.0018635783108038595,-3.9000000000000012,-0.7042975329040557
291,4.0,0.0003617845504777506,-1.4,-0.3693050471260749
292,8.0,0.0006533984123962,-1.3,-0.43218513781644663
293,43.0,0.002712326275286614,-5.000000000000002,-0.9
294,17.0,0.0012443837003957015,-2.4000000000000004,-0.7066762553376504
295,8.0,0.0005588971844190382,-1.6,-0.8455231192246894
296,3.0,0.0011678659157041693,-1.1,-0.647458716277756
297,36.0,0.002531081383494893,-3.500000000000001,-0.45216745129984126
298,13.0,0.0010113041807926493,-2.0999999999999996,-0.5827128446499803
299,27.0,0.0019175286379322642,-2.6000000000000005,-0.3880495816996007
300,26.0,0.001666818291596428,-3.0000000000000004,-0.99
301,28.0,0.0018293745079063228,-3.2000000000000006,-0.6555780063044069
302,7.0,0.0006445829985750606,-1.6,-0.6360086298038854
303,49.0,0.0033554988076502923,-5.6,-0.964951559538
304,10.0,0.0006759658690498327,-1.5,-0.4841822392537821
305,16.0,0.001244736316948547,-1.7,-0.4069507061698572
306,39.0,0.002556117156018445,-3.400000000000001,-0.6823461863267997
307,20.0,0.0014206919604475843,-2.7,-0.6773396169185788
308,5.0,0.0004957788269166485,-1.3,-0.5559697816369875
309,101.0,0.007617574688993045,-7.699999999999992,-1.0
310,15.0,0.0009746320629346883,-2.2,-0.4185439719786862
311,3.0,0.00025846790958894417,-1.1,-0.5590113924942492
312,14.0,0.0009143346378550632,-1.5,-0.5031102532448244
313,3.0,0.00039175695383164566,-1.3,-0.717380148611296
314,27.0,0.0019771208289967035,-3.700000000000001,-0.8148291209363826
315,15.0,0.0011174417531947256,-2.0999999999999996,-0.536113267266564
316,41.0,0.002744766994510428,-4.8000000000000025,-0.9809
317,23.0,0.0015148405709624058,-2.4000000000000004,-0.6141115676941196
318,34.0,0.0020705642073153285,-3.3000000000000007,-0.6932351058562917
319,1.0,0.00021685915999114513,-1.1,-0.5231732175746314
320,18.0,0.0011505877064337255,-1.9,-0.7167093429795102
321,10.0,0.00080996014730772,-1.6,-0.6450384086815593
322,19.0,0.0015007359106675722,-2.9000000000000004,-1.0
323,54.0,0.003296259232229204,-5.300000000000001,-0.6806581752341414
324,7.0,0.0005902800548938103,-1.6,-0.9809
325,41.0,0.0026432134363858495,-3.500000000000001,-0.7609708073022204
326,35.0,0.002385803376455442,-3.800000000000001,-0.6468245139401003
327,28.0,0.0019443274932200438,-3.0000000000000004,-0.7049584825911903
328,20.0,0.0013445267923088977,-2.2,-0.8738984601941702
329,40.0,0.002411544382084685,-3.2000000000000006,-0.6508822322714047
330,2.0,0.0002961978771054419,-1.1,-0.6706007511411636
331,38.0,0.0024108391498884885,-4.300000000000002,-0.6096056552267209
332,45.0,0.00392003785691486,-5.100000000000001,-0.972215122995297
333,52.0,0.003296964465334895,-5.899999999999999,-0.6165791208739471
334,31.0,0.0032310251763192355,-3.800000000000001,-0.8036496673438251
335,1.0,0.000231316437748319,-1.1,-0.6509224275622513
336,37.0,0.002488767400791403,-4.300000000000002,-0.6902713316039895
337,21.0,0.00131279130528128,-2.4000000000000004,-0.5858301848060261
338,14.0,0.0023216271702040103,-2.3,-0.6859873062961368
339,30.0,0.0023692304002906894,-2.5,-0.6321069298977315
340,37.0,0.0025088665415751166,-3.500000000000001,-0.6340779284455422
341,39.0,0.0039993765740291565,-3.400000000000001,-0.47405971363302113
342,3.0,0.00036777903096663067,-1.3,-0.42665374226971897
343,38.0,0.0024101339167827973,-3.0000000000000004,-0.8815056593867555
344,31.0,0.0031315873175117304,-3.400000000000001,-0.99
345,15.0,0.0010409239685031935,-2.5,-0.88281
346,32.0,0.0019658371011246345,-3.0000000000000004,-0.7111806683309363
347,12.0,0.0008625000091342372,-1.9,-0.665255749520777
348,95.0,0.00868988152797101,-7.699999999999992,-0.6454517883151016
349,29.0,0.0018198538609794923,-2.8000000000000007,-0.6581844613087365
350,17.0,0.0012944552463522996,-2.3,-0.5809066094835915
351,11.0,0.0009365494779558503,-2.0999999999999996,-0.25418658283289997
352,95.0,0.006496959387732204,-9.399999999999986,-0.5486450897040489
353,13.0,0.0008561529111830168,-1.7999999999999998,-0.6280031500422283
354,68.0,0.005085788073301956,-6.799999999999995,-0.572199396713165
355,22.0,0.0016209781442739768,-2.6000000000000005,-0.7886756435142315
356,11.0,0.0009912050381899462,-1.3,-0.7136533348937661
357,27.0,0.002024018826887186,-3.700000000000001,-0.5975920253149473
358,102.0,0.006381301168403297,-8.699999999999989,-0.6487173103622756
359,18.0,0.0012859924490840058,-1.6,-0.7640657200476287
360,2.0,0.00029126124627509853,-1.1,-0.6876591480428659
361,2.0,0.0002976083424073295,-1.1,-0.8069359090346868
362,3.0,0.0003505008216961869,-1.2,-0.6463592067901918
363,22.0,0.001380141060508322,-3.2000000000000006,-0.6047295523563438
364,20.0,0.0012542569629658828,-2.9000000000000004,-1.0
365,2.0,0.0002958452605525963,-1.1,-0.727359373572128
366,52.0,0.0033332839666400105,-4.700000000000002,-0.6652807386429886
367,31.0,0.002047996750661696,-2.4000000000000004,-0.7776206490108691
368,36.0,0.0025578802387826727,-3.9000000000000012,-0.5149794570418484
369,20.0,0.0013522843555620057,-2.9000000000000004,-0.6099737015326648
370,30.0,0.0018424213185426197,-2.3,-0.6995063405543177
371,95.0,0.005731781538997893,-6.899999999999995,-0.43447891889108103
372,32.0,0.004985997597941605,-2.7,-0.6689767979955578
373,58.0,0.0036650961128543713,-5.300000000000001,-0.8200939639121261
374,22.0,0.0014979149782448076,-2.9000000000000004,-0.4856482438381142
375,4.0,0.0004725061371573247,-1.4,-0.6555181935986831
376,74.0,0.004973656020410999,-4.700000000000002,-0.680179448985202
377,25.0,0.002193627372435003,-2.8000000000000007,-0.6198843765397595
378,45.0,0.0030744634414077154,-3.800000000000001,-0.43708341945430285
379,9.0,0.0006967702438487322,-1.7,-0.99
380,7.0,0.001171392081232625,-1.7,-0.5838455793260481
381,21.0,0.0014704108898513368,-2.3,-0.5987526647786897
382,39.0,0.004845656222641992,-2.7,-0.7761171907025248
383,21.0,0.0015402289609482978,-2.6000000000000005,-0.7591226805697525
384,15.0,0.0010775960863611544,-2.0999999999999996,-0.7581698901454073
385,10.0,0.0009016404428621172,-1.5,-0.7297549464283943
386,38.0,0.0023632359188923147,-3.800000000000001,-0.6848737265719984
387,60.0,0.0037543080925388495,-6.899999999999995,-0.8684564035842
388,26.0,0.0015998211529222317,-3.0000000000000004,-0.6121615040866818
389,4.0,0.0005338614109859918,-1.3,-0.5509453536780136
390,37.0,0.0026802381717061508,-3.800000000000001,-0.6020791181960019
391,1.0,0.00021756439309683628,-1.1,-0.6567794517855549
392,1.0,0.00016361406505893683,-1.1,-0.6985054716322723
393,50.0,0.004568852254124067,-5.4,-1.0
394,53.0,0.003574473666958511,-3.9000000000000012,-0.7084004568777541
395,51.0,0.004496565868066682,-4.200000000000001,-0.5388773983008207
396,3.0,0.0003321647618577117,-1.1,-0.6573322492642502
397,46.0,0.004283232872694498,-5.5,-0.7333462088427444
398,65.0,0.003977161733018875,-5.200000000000001,-0.7737079264371944
399,33.0,0.0021795227121401695,-3.2000000000000006,-0.739249631138532
400,20.0,0.0013036232758167898,-2.0999999999999996,-0.6940833826201652
401,26.0,0.001968305416085059,-2.4000000000000004,-0.5915990243378251
402,16.0,0.0011308411812933628,-2.2,-0.6163863539147986
403,8.0,0.0006206050757100456,-1.7,-0.6078076795301997
404,55.0,0.0034214380975754466,-6.4999999999999964,-0.99
405,17.0,0.0011551717207112233,-2.6000000000000005,-0.5705720690467012
406,11.0,0.0008247700407082448,-2.0,-0.5547477185233187
407,24.0,0.001768019233168161,-2.9000000000000004,-0.99
408,17.0,0.0011823231925518485,-2.4000000000000004,-0.5848671282315206
409,1.0,0.0002411897003185004,-1.1,-0.6752524123239252
410,40.0,0.0024386958548348048,-4.600000000000001,-0.7333703855201522
411,40.0,0.0026992794637408224,-3.800000000000001,-0.4634815113376637
412,14.0,0.0009926155044013285,-2.0999999999999996,-0.5787525493896324
413,22.0,0.001710895357064146,-2.3,-0.9
414,26.0,0.0020187295795039972,-2.9000000000000004,-0.5470269115771798
415,15.0,0.0010666649741324363,-2.0999999999999996,-0.5263804154083686
416,24.0,0.0014919204977559275,-2.7,-0.6519052766765145
417,11.0,0.0007782246611895971,-1.5,-0.5208772944506691
418,38.0,0.004020533564471407,-4.400000000000002,-0.7013502028303475
419,103.0,0.007621100854521501,-8.599999999999989,-0.5945183325075513
420,24.0,0.0026432134363858495,-2.7,-0.7690392975383227
421,98.0,0.007827734136299114,-7.8999999999999915,-0.7349037650825809
422,30.0,0.0018470053337296122,-3.2000000000000006,-0.573401792321729
423,154.0,0.00996952688001329,-13.199999999999973,-1.0
424,35.0,0.0037433769794006366,-4.300000000000002,-0.7546840218729621
425,6.0,0.0005176410513740848,-1.1,-0.6948866620434297
426,42.0,0.002855488582099497,-3.700000000000001,-0.7400307815599192
427,23.0,0.001632614489608386,-2.6000000000000005,-0.7057888053704038
428,42.0,0.003281449338828679,-5.000000000000002,-1.0
429,25.0,0.0015522179228355526,-3.1000000000000005,-0.9723849204276849
430,38.0,0.002603720386105124,-3.600000000000001,-0.5152910187997916
431,12.0,0.0008691997227288084,-2.0999999999999996,-0.7037785106888865
432,30.0,0.00319435305755178,-3.3000000000000007,-0.5486711475118893
433,6.0,0.0005772332442575134,-1.5,-0.728372947012007
434,15.0,0.0010402187353975023,-2.5,-0.5690334062277647
435,57.0,0.00432061022365815,-5.799999999999999,-1.0
436,11.0,0.0007355580619332613,-1.5,-0.6253979958390867
437,23.0,0.0015416394262501854,-2.4000000000000004,-0.5869673568025031
438,44.0,0.002666486127054668,-4.300000000000002,-0.7030376420210414
439,60.0,0.003966935853895848,-5.999999999999998,-0.7667458187308894
440,17.0,0.001328306431787496,-2.7,-0.6781428676965822
441,40.0,0.0025275552179664373,-3.800000000000001,-0.678895215637958
442,14.0,0.0011086263393735862,-2.0999999999999996,-0.7629346885287535
443,14.0,0.0009386651772729238,-2.0,-0.5445710737934828
444,31.0,0.002017671728935966,-3.600000000000001,-0.7865086141747532
445,43.0,0.003006055835612642,-5.200000000000001,-1.0
446,54.0,0.0033297578011115547,-5.000000000000002,-0.6900712368578005
447,66.0,0.00396834632010723,-5.200000000000001,-0.6334006596199978
448,6.0,0.0031622649548808113,-1.5,-0.22876792454960992
449,10.0,0.000729210963982041,-1.6,-0.812603886697647
450,60.0,0.0037825174140380113,-6.1999999999999975,-0.6327338778189371
451,8.0,0.000656924577015161,-1.7,-0.4643866323543777
452,22.0,0.0014753475215911749,-3.0000000000000004,-0.6210641131720205
453,52.0,0.003231377792872081,-3.9000000000000012,-0.7473668374283827
454,43.0,0.0026023099198937416,-4.8000000000000025,-0.5589577018548184
455,7.0,0.0005035363919887459,-1.7,-0.8751464283849164
456,23.0,0.0016929119146880112,-3.3000000000000007,-0.8736261880574221
457,71.0,0.004525127805209195,-7.999999999999991,-0.7543589936280433
458,25.0,0.0015631490350642707,-2.7,-0.9642334197813672
459,19.0,0.0013402953945842455,-2.7,-0.6312151825473129
460,31.0,0.0019524376730259974,-4.100000000000001,-1.0
461,92.0,0.006114017846812203,-8.699999999999989,-0.7189141981103093
462,3.0,0.0003039554403585498,-1.3,-0.7066277766214101
463,43.0,0.0025987837552747806,-4.400000000000002,-0.7078577527572778
464,34.0,0.0033047220294974977,-3.800000000000001,-0.745492314348424
465,77.0,0.004802284390279965,-7.799999999999992,-1.0
466,70.0,0.004574141502416751,-7.299999999999994,-0.5837986996639495
467,5.0,0.001224284558702493,-1.3,-0.6612777668139997
468,4.0,0.00033886447636177763,-1.3,-0.62731732189421
469,58.0,0.0034514105009293417,-5.699999999999999,-0.27421115578020117
470,49.0,0.0030155764825394726,-4.900000000000002,-0.8110147060110041
471,23.0,0.0032070472525447258,-3.2000000000000006,-0.703718509360631
472,37.0,0.002662254729330016,-4.700000000000002,-0.695713178549634
473,17.0,0.0011241414667892968,-1.9,-0.7474236241150256
474,5.0,0.00043407093653513584,-1.2,-0.7458272523893327
475,26.0,0.0017747189467627322,-2.0999999999999996,-0.7898692952363817
476,3.0,0.0008649683250041562,-1.3,-0.5970371557376422
477,4.0,0.0005349192615540233,-1.3,-0.6726812617035229
478,51.0,0.003836115125523065,-3.600000000000001,-0.7036608729444565
479,62.0,0.003776875549192482,-6.399999999999997,-0.5694604900370435
480,109.0,0.008519215132764657,-8.999999999999988,-0.729090357516702
481,22.0,0.0014076451489017927,-2.4000000000000004,-0.6561813217650319
482,5.0,0.0004785006185556995,-1.5,-0.7036846825370396
483,27.0,0.002012382481552777,-2.9000000000000004,-0.620698320129937
484,13.0,0.001013419879200228,-1.7999999999999998,-0.834022312400685
485,105.0,0.00696417627750634,-8.09999999999999,-0.6370719774815501
486,100.0,0.006854512538666313,-8.09999999999999,-0.6022945070813076
487,7.0,0.0006512827130791266,-1.5,-0.7506200811606165
488,28.0,0.0017281735663345899,-2.9000000000000004,-0.78626356925168
489,64.0,0.004704609614236688,-6.099999999999998,-0.7333902123933482
490,44.0,0.002889339768444188,-3.2000000000000006,-0.7021825960202098
491,30.0,0.0024457481858917163,-3.0000000000000004,-0.6748009920721725
492,21.0,0.0014358544704009546,-2.9000000000000004,-0.6326565309205496
493,33.0,0.0021590709538941155,-4.200000000000001,-0.5967911192790123
494,33.0,0.0020106193996980437,-4.100000000000001,-0.9
495,16.0,0.002725373085922911,-2.4000000000000004,-0.6930243386217801
496,35.0,0.002188338125051814,-4.100000000000001,-0.6600511911540133
497,19.0,0.0026456817522557685,-2.7,-0.5693908778284947
498,65.0,0.00432096284112049,-6.699999999999996,-0.736501039922834
499,54.0,0.0034489421850594226,-5.200000000000001,-0.89991
500,7.0,0.0005000102264602901,-1.3,-0.6824306620518193
501,24.0,0.0015864217257330893,-3.400000000000001,-0.5722905749358582
502,11.0,0.0008448691833109478,-1.9,-0.6632564052967111
503,83.0,0.005446867390674015,-7.8999999999999915,-0.6416810211082071
504,29.0,0.001934806847202708,-3.400000000000001,-0.6261268614418193
505,160.0,0.01016170288403373,-14.499999999999968,-0.7043522575325212
506,54.0,0.004424279481099802,-5.6,-0.7165041104007881
507,4.0,0.0003868203230013023,-1.3,-0.6145375694275246
508,21.0,0.001327953816144145,-2.0999999999999996,-0.6355058959714569
509,36.0,0.0023173957715698634,-3.600000000000001,-0.6036701871151808
510,50.0,0.0032162152829187107,-2.8000000000000007,-0.7311860289637033
511,114.0,0.007533299341048405,-9.599999999999985,-1.0
512,30.0,0.0020278976089684875,-2.0,-0.6367317934393832
513,2.0,0.0002020492656811257,-1.1,-0.6580674260673329
514,40.0,0.004107629845748306,-4.900000000000002,-0.7125093755980305
515,18.0,0.0011470615409052698,-1.7,-0.5203951265598312
516,11.0,0.0008751942032176885,-2.0999999999999996,-0.5150615174422725
517,78.0,0.005078030510048848,-7.199999999999994,-0.9315453751513764
518,41.0,0.0026284035429853247,-3.700000000000001,-0.6739768098751509
519,27.0,0.0018346637552895118,-3.400000000000001,-0.9
520,80.0,0.005219429734097503,-7.499999999999993,-0.5778617936686624
521,27.0,0.003383708130058949,-3.2000000000000006,-0.6585020906273873
522,38.0,0.0023604149873790448,-4.300000000000002,-0.6589581428399798
523,24.0,0.0015434025090144132,-2.3,-0.5730586140954449
524,25.0,0.001622388610485359,-2.4000000000000004,-0.5157527526859004
525,11.0,0.0023618254526809324,-2.0,-0.5926518815646487
526,30.0,0.001964426634913252,-3.800000000000001,-0.6692574059851649
527,55.0,0.0037638287385561853,-4.600000000000001,-0.891
528,54.0,0.003903464880750107,-5.5,-0.5333866934081837
529,29.0,0.0028547833489938057,-3.400000000000001,-0.9
530,94.0,0.005718382110899256,-9.399999999999986,-0.9
531,84.0,0.005745533582739881,-7.499999999999993,-0.7480931233094349
532,7.0,0.0006710292382194893,-1.5,-0.6732838109784913
533,56.0,0.005134801769600017,-5.5,-0.590194362129596
534,7.0,0.0005225776831139228,-1.2,-0.5315291667726711
535,57.0,0.005078030510048848,-6.1999999999999975,-0.6309875452574374
536,44.0,0.0027334832657288644,-4.500000000000002,-0.7109130492380742
537,111.0,0.006994501298322575,-11.29999999999998,-0.8919671195720135
538,7.0,0.0005021259248678689,-1.6,-0.6398217443142666
539,42.0,0.0027553454901863006,-4.700000000000002,-1.0
540,19.0,0.0014104660813245573,-1.9,-0.5669636159355649
541,17.0,0.0012669511579588288,-2.4000000000000004,-0.5795692568775906
542,12.0,0.0008536845962225925,-2.0,-0.5216123311898315
543,45.0,0.002940469164059323,-4.700000000000002,-0.5680936642925816
544,9.0,0.0006170789101815899,-1.6,-0.5114200466826548
545,43.0,0.002702453011806938,-4.500000000000002,-0.607163797879112
546,59.0,0.004791705895513587,-5.5,-0.6059554298806422
547,3.0,0.00030607113967562327,-1.2,-0.5464474180912009
548,42.0,0.002556822389124136,-3.800000000000001,-0.6078511189741073
549,28.0,0.0018960190300276736,-3.0000000000000004,-0.6288801664120112
550,16.0,0.0010451553671373404,-2.4000000000000004,-0.56599214977081
551,14.0,0.0012070063485225546,-1.9,-0.6602299988460476
552,16.0,0.001199601402731787,-2.0,-0.5481294582232148
553,26.0,0.0016879752829481731,-3.1000000000000005,-0.7516737184106306
554,9.0,0.0006752606368536362,-1.7,-0.49331651240089336
555,96.0,0.007083360660544713,-7.699999999999992,-0.6765063465695675
556,21.0,0.0014792263027629815,-2.8000000000000007,-0.44398486116080405
557,239.0,0.01717348239162675,-19.39999999999999,-0.5816517027047278
558,4.0,0.00034556418995634886,-1.3,-0.3995863750447236
559,155.0,0.012297501148168521,-15.599999999999964,-0.6333818077251707
560,78.0,0.004806515789823607,-7.799999999999992,-0.8383908376362388
561,76.0,0.005453214487715741,-7.099999999999994,-0.81
562,71.0,0.004657359000702854,-5.799999999999999,-0.891799
563,41.0,0.002695400681659521,-3.600000000000001,-0.523486532434255
564,21.0,0.001320548868534388,-3.0000000000000004,-0.5112842978633234
565,206.0,0.017001405529299518,-17.89999999999997,-1.0
566,33.0,0.002571984899987001,-2.9000000000000004,-0.5767332884373638
567,13.0,0.0010716016058722744,-1.4,-0.5190599595936274
568,158.0,0.009450122745874978,-13.399999999999972,-0.5944871663936118
569,103.0,0.009419445108505897,-9.399999999999986,-0.6441496223204792
570,146.0,0.011790085975007969,-14.599999999999968,-0.6385321016824068
571,14.0,0.0009802739268707228,-1.9,-0.89091
572,10.0,0.000757067669837852,-1.9,-0.6061322453964688
573,32.0,0.0032497138518010615,-2.0,-0.570757935181607
574,49.0,0.004453899268810346,-3.500000000000001,-0.5475629174279191
575,35.0,0.0021544869396166177,-3.700000000000001,-0.5136821416634463
576,3.0,0.00026023099235317204,-1.1,-0.677833971145447
577,161.0,0.010711079422435432,-14.199999999999969,-0.6122375779441878
578,99.0,0.0062980836710266885,-8.699999999999989,-0.579889997422177
579,97.0,0.007071724315210304,-9.499999999999986,-1.0
580,15.0,0.0011015740092261694,-1.9,-0.5965073569354002
581,95.0,0.0062677586493009585,-5.699999999999999,-0.6550862860238862
582,15.0,0.0009721637470647693,-2.0,-0.6955675733746088
583,31.0,0.002372051332713454,-2.9000000000000004,-0.5586323675538285
584,45.0,0.0028692406267509796,-5.300000000000001,-1.0
585,120.0,0.009247720863641007,-12.099999999999977,-1.0
586,48.0,0.00289639209768211,-5.5,-0.6106672621388187
587,41.0,0.002583973860964761,-5.000000000000002,-0.980529541
588,31.0,0.0020892528827971546,-3.2000000000000006,-0.6726774543466651
589,103.0,0.006677146429865388,-9.599999999999985,-0.81
590,56.0,0.0039017017970763845,-6.099999999999998,-0.5895776574214976
591,6.0,0.00043971280047117034,-1.2,-0.5306198916793479
592,13.0,0.0008452217989542987,-2.0999999999999996,-0.6054097089119986
593,67.0,0.004089293786819326,-5.100000000000001,-0.5448687380207988
594,51.0,0.004787827113432286,-4.300000000000002,-0.47755790251141306
595,1.0,0.00018159750834456645,-1.1,-0.5725806480257261
596,81.0,0.006718755179463187,-7.299999999999994,-1.0
597,118.0,0.007482169946342765,-9.699999999999985,-0.7556900059502478
598,39.0,0.0030695268096678774,-4.200000000000001,-0.6837749434228454
599,7.0,0.0005045942407377879,-1.7,-0.6759577325944981
600,122.0,0.007303393369511468,-10.199999999999983,-0.753387000156931
601,42.0,0.005841445276928425,-2.9000000000000004,-0.6153974490805608
602,96.0,0.006195824879796419,-6.799999999999995,-0.678048300141238
603,46.0,0.003361493289048667,-4.100000000000001,-0.8027704076148121
604,25.0,0.00253813371364231,-3.1000000000000005,-0.7852977880215806
605,68.0,0.004071310344443191,-6.699999999999996,-0.6854542642572626
606,15.0,0.00112308361713076,-2.2,-0.6768382628950632
607,85.0,0.0059437040672492,-7.8999999999999915,-0.588079177769644
608,30.0,0.001901660893963708,-3.9000000000000012,-0.7688997330228685
609,48.0,0.0034157962327299174,-4.300000000000002,-0.6801210053552229
610,32.0,0.002043765352027549,-3.0000000000000004,-0.5848022874155867
611,41.0,0.003433074442000361,-3.2000000000000006,-0.6169088378315364
612,145.0,0.008877826133357303,-13.299999999999972,-0.6022707877402655
613,90.0,0.008124284629957401,-9.599999999999985,-0.99
614,45.0,0.0027835548116854625,-3.0000000000000004,-0.5764063693835226
615,58.0,0.0039337899015663425,-3.400000000000001,-0.729
616,78.0,0.007200429346085002,-6.1999999999999975,-0.5302502597033889
617,24.0,0.0015342344804594177,-2.8000000000000007,-0.6091544366055569
618,65.0,0.005110118613629311,-6.1999999999999975,-0.5874026573271063
619,232.0,0.016030652249355626,-18.49999999999998,-0.7969993584939288
620,228.0,0.015549683314930007,-18.49999999999998,-0.729
621,65.0,0.003873845093039563,-7.399999999999993,-0.5125144410333391
622,34.0,0.0038607982814937714,-4.000000000000002,-0.705159313827795
623,46.0,0.002979609596877708,-4.700000000000002,-0.6600679897039781
624,66.0,0.004547695262772322,-6.899999999999995,-0.7224933668533309
625,267.0,0.020987382676139532,-24.10000000000006,-0.41794796911893994
626,40.0,0.002501461594874854,-4.700000000000002,-0.7084186556155069
627,29.0,0.0018441844013068476,-3.0000000000000004,-0.6271998297213093
628,82.0,0.00610026580216072,-8.999999999999988,-1.0
629,86.0,0.0062575327701779315,-9.099999999999987,-1.0
630,95.0,0.006676793812403048,-9.999999999999984,-0.5885850684373554
631,117.0,0.009251247028259968,-10.199999999999983,-0.5971536369344029
632,31.0,0.0022465198517238605,-1.9,-0.5969485919991082
633,5.0,0.0008505110472469823,-1.2,-0.6295431418773914
634,60.0,0.005055815669038566,-4.900000000000002,-0.6844045694378126
635,59.0,0.003804732255048293,-5.999999999999998,-0.980728
636,60.0,0.005871770296835166,-6.999999999999995,-0.5940611907335803
637,172.0,0.012443837003957015,-15.699999999999964,-0.8095476259983097
638,47.0,0.0029908933265687665,-5.100000000000001,-0.622665463532362
639,67.0,0.004754681161102781,-6.699999999999996,-0.5346550716602223
640,37.0,0.002313516990398057,-2.3,-0.5827693674884178
641,29.0,0.0037507819270103937,-2.4000000000000004,-0.524492430739576
642,3.0,0.0002887929304051795,-1.2,-0.5728844076407927
643,92.0,0.007241685479129956,-6.799999999999995,-0.7266960190839471
644,87.0,0.006407042174942035,-9.699999999999985,-1.0
645,101.0,0.008095017457890208,-7.8999999999999915,-1.0
646,166.0,0.012518239089331473,-15.599999999999964,-0.6432566435716042
647,165.0,0.012900122780592937,-14.699999999999967,-0.981
648,57.0,0.0035490852778821136,-4.8000000000000025,-0.9899
649,66.0,0.004520543790931697,-6.799999999999995,-1.0
650,9.0,0.0008300592890009284,-1.3,-0.6375262265603943
651,176.0,0.012159980705291673,-14.499999999999968,-1.0
652,119.0,0.007555161565505841,-11.09999999999998,-0.56257874816442
653,223.0,0.01587444313099695,-15.999999999999963,-0.890846870816546
654,39.0,0.0033368101321684662,-3.9000000000000012,-0.630630122565452
655,221.0,0.01559023421486927,-17.599999999999966,-0.7073281031430796
656,25.0,0.002104768010212865,-3.3000000000000007,-0.637823078818171
657,102.0,0.007026942018455884,-8.49999999999999,-0.6631861435165748
658,17.0,0.0011072158740716986,-1.5,-0.6691933129402857
659,89.0,0.005490239222126547,-7.5999999999999925,-0.965162120645308
660,99.0,0.008876063050593075,-8.899999999999988,-0.6022739816462571
661,23.0,0.0015250664509949274,-2.8000000000000007,-0.6442176357581759
662,15.0,0.001143535375376814,-1.6,-0.6902569205800143
663,216.0,0.01393434703550156,-18.799999999999983,-1.0
664,77.0,0.005125633740135527,-6.4999999999999964,-0.899517844290486
665,44.0,0.003813547667959938,-5.4,-0.5219596661808832
666,310.0,0.02265631666614354,-24.600000000000065,-0.8995798169014633
667,95.0,0.0056348119951508124,-5.000000000000002,-0.6079900639945357
668,189.0,0.013943162448413204,-16.29999999999996,-0.6483734975528352
669,39.0,0.0026287561595381703,-3.3000000000000007,-0.5835361477975516
670,73.0,0.00453429583558318,-8.19999999999999,-0.7861179746264298
671,82.0,0.005987075899611227,-9.199999999999987,-1.0
672,41.0,0.0037373824989117566,-2.7,-0.5251825330177965
673,151.0,0.01073964136048744,-10.399999999999983,-0.7897807043939791
674,176.0,0.01222733045960922,-16.29999999999996,-0.7426672028217272
675,216.0,0.015225276116325404,-15.599999999999964,-0.7108026339545812
676,189.0,0.013466424912621733,-13.199999999999973,-0.9647315157590262
677,221.0,0.01409090877041308,-17.09999999999996,-0.6861871019575919
678,47.0,0.0032595871134617482,-4.200000000000001,-0.664667044697584
679,312.0,0.02102123386157473,-21.100000000000016,-0.6560999999999999
680,22.0,0.0014580693114112364,-2.6000000000000005,-0.6175683917618326
681,22.0,0.0013766148949798662,-2.4000000000000004,-0.7499029705268272
682,83.0,0.006168673407046299,-6.599999999999996,-0.6922152053649306
683,90.0,0.007178567121627566,-7.999999999999991,-0.98091
684,60.0,0.004000787040240539,-4.100000000000001,-0.5116762586842445
685,77.0,0.006135880071269639,-5.100000000000001,-0.6229936848284376
686,100.0,0.006017753536070813,-6.799999999999995,-0.6749126734741444
687,48.0,0.0035988042063763714,-3.400000000000001,-0.46050863281582
688,7.0,0.000585343424063467,-1.4,-0.5957418560389505
689,211.0,0.015722465409453434,-13.99999999999997,-0.5982003402278255
690,135.0,0.01037574111160211,-13.599999999999971,-1.0
691,138.0,0.009931444296853442,-11.09999999999998,-0.7285928633984786
692,29.0,0.0018187960113209556,-3.9000000000000012,-0.6055256659080349
693,46.0,0.003438363690293045,-4.200000000000001,-1.0
694,43.0,0.003757834258067305,-3.3000000000000007,-0.6654254001060369
695,157.0,0.011147971291393333,-14.199999999999969,-1.0
696,90.0,0.0061894777818451985,-5.699999999999999,-0.6079447679972998
697,47.0,0.0028456153186198208,-2.6000000000000005,-0.5734143570002616
698,220.0,0.015290862789697712,-18.59999999999998,-0.6557335770586308
699,14.0,0.0009728689792609657,-2.2,-0.5449730993172315
700,79.0,0.004822736149435514,-7.999999999999991,-1.0
701,307.0,0.02327374819378747,-26.900000000000098,-1.0
702,91.0,0.006194061797032191,-9.099999999999987,-0.8116747247043734
703,35.0,0.0021350930310291005,-4.000000000000002,-0.5606943163455937
704,300.0,0.02045669481231016,-19.9,-0.7321301377942909
705,263.0,0.016957328464741295,-21.700000000000024,-0.9897166743359436
706,192.0,0.015021111151327204,-16.79999999999996,-0.5656428099115387
707,195.0,0.012333468032920791,-16.59999999999996,-0.7641460862780662
708,153.0,0.011117646270577097,-14.999999999999966,-1.0
709,51.0,0.0034556418995634886,-5.999999999999998,-0.98091
710,248.0,0.017484490162132715,-21.30000000000002,-1.0
711,76.0,0.005192630878809723,-6.299999999999997,-0.8429450305676455
712,126.0,0.01049950951073697,-7.8999999999999915,-0.5661837184736933
713,120.0,0.019410481597333273,-10.299999999999983,-1.0
714,101.0,0.007067140300932806,-10.199999999999983,-1.0
715,295.0,0.020666854258706735,-22.80000000000004,-0.989899
716,24.0,0.0016308514068441582,-3.1000000000000005,-0.46190088223282244
717,13.0,0.0009097506226680707,-2.2,-0.6877314776502595
718,47.0,0.0043329518020982505,-4.400000000000002,-0.5822057294823004
719,56.0,0.004863992281570972,-5.999999999999998,-0.97271
720,115.0,0.007216649705696909,-11.29999999999998,-0.99
721,337.0,0.020924969551742834,-29.600000000000136,-0.5790088048210189
722,100.0,0.008049177310567757,-9.199999999999987,-0.9809
723,778.0,0.0539510328489996,-56.40000000000052,-0.7856055586795146
724,28.0,0.002347368175833253,-2.3,-0.7884669173726669
725,651.0,0.04468603377608815,-47.9000000000004,-0.99
726,24.0,0.0018974294962390559,-3.2000000000000006,-0.6908465921056111
727,141.0,0.010201195934314455,-10.399999999999983,-1.0
728,2.0,0.00025423651095479727,-1.1,-0.5608150985024055
729,377.0,0.026956827749017975,-28.700000000000124,-0.6609013730729367
730,62.0,0.004638670325221028,-5.100000000000001,-0.7418233530050532
731,137.0,0.010145129907868977,-10.099999999999984,-0.6676410177045479
732,142.0,0.009607037097339344,-8.699999999999989,-0.6008769159340931
733,512.0,0.035492968473590736,-39.50000000000028,-0.7380474986421032
734,21.0,0.0013261907333799172,-2.5,-0.594811235765643
735,83.0,0.005151374746674264,-8.19999999999999,-0.9809
736,265.0,0.019493699094709882,-24.10000000000006,-0.5756172088820284
737,80.0,0.005348134764972201,-7.5999999999999925,-0.521107924338917
738,97.0,0.006490612290690478,-7.5999999999999925,-0.672510412945335
739,30.0,0.0022116108157206327,-2.7,-0.5180554879938256
740,158.0,0.012217457197039039,-13.89999999999997,-0.6867274151403406
741,158.0,0.011584157927245542,-15.299999999999965,-0.5603989171791257
742,274.0,0.019478889201309357,-24.500000000000064,-0.6335720728344525
743,36.0,0.0022126686653791694,-3.600000000000001,-0.5702148655510073
744,119.0,0.007703613119701913,-11.499999999999979,-0.98081
745,202.0,0.012921279771944683,-18.199999999999974,-0.724004576484772
746,271.0,0.019965852616223856,-23.100000000000044,-1.0
747,1000.0,0.06865302604910539,-82.89999999999957,0.08505472655678505
748,178.0,0.013728066370276792,-15.099999999999966,-0.98063489761
749,127.0,0.007984648486853985,-9.299999999999986,-0.5109878452878869
750,160.0,0.01115290792313317,-12.899999999999974,-0.6731050831955607
751,456.0,0.03116283760391525,-33.60000000000019,-0.4598890607590982
752,296.0,0.024357338760637504,-20.70000000000001,-0.9578220236369479
753,67.0,0.004116092642107105,-7.199999999999994,-0.972382272
754,294.0,0.02332276189008553,-21.200000000000017,-0.6368173782069277
755,67.0,0.004198252291644167,-6.999999999999995,-1.0
756,358.0,0.024750153564127686,-28.40000000000012,-0.6523516027456968
757,783.0,0.05323275299724628,-61.100000000000584,-0.7118307640135699
758,938.0,0.06312823040752846,-71.20000000000029,-0.9
759,436.0,0.029267171190440422,-33.9000000000002,-0.6200330881495741
760,202.0,0.015095513236701663,-16.89999999999996,-0.98081
761,209.0,0.015082466426065366,-18.69999999999998,-0.4139001546831884
762,1.0,0.00014422015738091432,-1.1,-0.6057945748760046
763,192.0,0.013694215184841596,-16.59999999999996,-1.0
764,152.0,0.011325690017656598,-15.999999999999963,-0.9
765,169.0,0.011509050607855897,-17.499999999999964,-1.0
766,40.0,0.002416481013824523,-4.000000000000002,-0.6546466933117927
767,252.0,0.01815834033277497,-18.69999999999998,-0.6149108329428765
768,170.0,0.011058759311708855,-14.399999999999968,-0.6695619503809009
769,236.0,0.017224259170689038,-21.50000000000002,-1.0
770,41.0,0.0028082379685656633,-4.500000000000002,-1.0
771,92.0,0.006604154809792817,-7.8999999999999915,-0.5813802487245472
772,672.0,0.044635962230131554,-55.600000000000506,-1.0
773,272.0,0.021918290289249853,-27.0000000000001,-0.7104818262798407
774,431.0,0.032210461286013015,-38.50000000000026,-0.95240194290959
775,366.0,0.023600976324814837,-26.900000000000098,-0.6821214601673695
776,57.0,0.004507496979385905,-6.099999999999998,-0.6560999999999999
777,194.0,0.014214677168638445,-16.099999999999962,-0.37251013921486953
778,52.0,0.0035261652037661406,-5.799999999999999,-0.9809
779,411.0,0.029249892980260483,-32.70000000000018,-0.5869149907757067
780,242.0,0.023336513934737013,-23.100000000000044,-1.0
781,398.0,0.031695288549599354,-31.600000000000165,-0.6394336436518566
782,1000.0,0.12340026700076123,-81.19999999999966,-9.303228359208715e-07
783,428.0,0.0335726189041452,-37.00000000000024,-0.89091
784,65.0,0.004875628627814876,-4.700000000000002,-0.6311461997098007
785,103.0,0.007829144601601001,-9.599999999999985,-0.99
786,151.0,0.00961373681184341,-13.099999999999973,-0.8909857433676054
787,407.0,0.02678475088760024,-33.60000000000019,-0.6331762727470551
788,1000.0,0.06698373944163905,-72.60000000000015,-0.040853220957219494
789,206.0,0.014950940463677398,-20.400000000000006,-1.0
790,716.0,0.04689023964510852,-55.80000000000051,-0.99
791,130.0,0.008855963908899867,-11.29999999999998,-0.98980809
792,533.0,0.038578010410674324,-40.100000000000286,-0.6413147981065044
793,94.0,0.005647506190143758,-9.399999999999986,-1.0
794,186.0,0.01420550914008345,-13.79999999999997,-1.0
795,190.0,0.012599693505762843,-14.199999999999969,-0.9
796,1000.0,0.07056808637207723,-68.80000000000037,0.030743478269315623
797,546.0,0.0379306064796765,-35.900000000000226,-0.6909902356638855
798,337.0,0.02212986020185781,-24.90000000000007,-0.621891212097497
799,753.0,0.05334770598256,-55.2000000000005,-0.6110345458853055
800,100.0,0.007016716139332857,-7.699999999999992,-0.549931091296775
801,1000.0,0.0702010125733068,-72.30000000000017,-0.05055855531395158
802,205.0,0.014711513846123125,-16.79999999999996,-0.534588798466873
803,403.0,0.02763667240014911,-31.000000000000156,-1.0
804,167.0,0.011019266261428129,-10.399999999999983,-0.6224102201737536
805,259.0,0.018860752440559736,-18.69999999999998,-0.899582391688
806,79.0,0.005295242286592838,-8.39999999999999,-0.99
807,469.0,0.03333636583556654,-40.50000000000029,-0.9576005658111729
808,67.0,0.004093172568900627,-6.399999999999997,-0.59049
809,817.0,0.055418975423890515,-62.2000000000006,-0.8995806971631228
810,160.0,0.012620850497114589,-13.69999999999997,-0.8017621837348914
811,138.0,0.0099603588505488,-13.499999999999972,-0.891
812,846.0,0.05966342047940998,-67.80000000000048,-0.59049
813,172.0,0.010765029750473332,-13.99999999999997,-0.8804867886592
814,620.0,0.042898973251794814,-44.80000000000035,-0.81
815,128.0,0.008195160549803404,-11.09999999999998,-1.0
816,141.0,0.011318990304062027,-13.199999999999973,-0.99
817,440.0,0.030037990904020262,-31.30000000000016,-1.0
818,392.0,0.027751978002015676,-32.70000000000018,-1.0
819,1000.0,0.0673910115228864,-80.09999999999972,0.0016809005170754648
820,238.0,0.016224943951783644,-23.100000000000044,-1.0
821,212.0,0.01432892492175597,-15.899999999999963,-0.98081
822,1000.0,0.06773093384799722,-65.40000000000056,0.02671877181940914
823,969.0,0.06914598394450877,-71.70000000000026,-0.8909709717930622
824,487.0,0.0325278161544702,-40.100000000000286,-0.9809
825,219.0,0.015332471538386017,-16.399999999999963,-1.0
826,174.0,0.01154642795881955,-15.199999999999966,-0.9
827,219.0,0.015499964385526255,-15.699999999999964,-0.8327503147084899
828,381.0,0.025730780107551254,-28.900000000000126,-0.8874425073697509
829,117.0,0.008053761324845254,-9.499999999999986,-0.99
830,958.0,0.0685814448952442,-72.7000000000002,-0.8018190000000001
831,802.0,0.054936948640715855,-54.100000000000485,-1.0
832,285.0,0.019832916187624505,-23.50000000000005,-0.81
833,720.0,0.0495267533678998,-55.70000000000051,-0.884181561
834,251.0,0.016973196207800356,-19.799999999999997,-1.0
835,432.0,0.03045584148094349,-36.00000000000023,-0.980899
836,1000.0,0.06933216546804033,-66.90000000000047,-0.002490772100720781
837,1000.0,0.07304169126200577,-69.50000000000033,1.0438625407671598e-06
838,299.0,0.020045896566443844,-22.600000000000037,-0.8192118954240408
839,564.0,0.03801558706072683,-40.20000000000029,-0.9466932539117264
840,315.0,0.0217144779408045,-23.50000000000005,-1.0
841,209.0,0.01271217817611614,-15.099999999999966,-1.0
842,1000.0,0.06827255282405531,-66.00000000000053,0.0022193090676368987
843,414.0,0.027639493332571874,-29.500000000000135,-0.749475283237641
844,607.0,0.04081747793134127,-49.70000000000042,-1.0
845,259.0,0.01688609992743295,-23.000000000000043,-1.0
846,622.0,0.04231962430822023,-53.80000000000048,-1.0
847,136.0,0.009761835749486636,-9.399999999999986,-0.6017616967954214
848,201.0,0.01314589649609843,-16.999999999999957,-0.95868458
849,804.0,0.05439109826602362,-65.50000000000061,-0.96509149
850,967.0,0.06557503644216922,-80.99999999999973,-0.8648967035921288
851,67.0,0.004827320163713011,-6.799999999999995,-0.9803920360307534
852,525.0,0.03591117166706681,-43.40000000000033,-1.0
853,1000.0,0.06630001600842661,-81.59999999999964,-0.0008379038203739503
854,336.0,0.024404589375080832,-27.0000000000001,-0.8895732571512446
855,95.0,0.005636222461362195,-10.199999999999983,-0.9510321093001827
856,246.0,0.01699082703453314,-21.900000000000027,-0.9
857,335.0,0.022601661105909443,-29.20000000000013,-0.8253181291484717
858,443.0,0.03169317285028228,-40.40000000000029,-0.97271
859,544.0,0.037064580305013806,-46.80000000000038,-0.8096226274468106
860,189.0,0.012367319219265482,-16.89999999999996,-0.7903671240186266
861,179.0,0.012545037945528748,-14.09999999999997,-0.7047487708300368
862,1000.0,0.07050320493090112,-79.09999999999978,-0.0006973451496916083
863,745.0,0.04982013031349197,-57.90000000000054,-0.6596753811628946
864,287.0,0.019887571748768096,-25.400000000000077,-1.0
865,959.0,0.06565543300894205,-77.19999999999995,-0.8107074180558246
866,958.0,0.06826796880886832,-67.10000000000052,-0.729
867,1000.0,0.06973591138375923,-79.29999999999977,0.04927082453213387
868,93.0,0.006030095114510914,-9.599999999999985,-1.0
869,373.0,0.025680708561594656,-31.30000000000016,-0.8111146492398404
870,217.0,0.015482686176255811,-19.099999999999987,-0.98063745371
871,282.0,0.01828739797929302,-22.10000000000003,-0.8237091423745211
872,966.0,0.07016434045544884,-72.20000000000023,-1.0
873,82.0,0.0050015127253573155,-7.999999999999991,-0.972458
874,58.0,0.0034693939442149713,-5.100000000000001,-0.9
875,265.0,0.0177186275323038,-22.80000000000004,-0.8096759498955743
876,256.0,0.01678913038358587,-17.89999999999997,-0.9525339238030299
877,413.0,0.02711973658097122,-33.20000000000019,-0.7895408208873789
878,524.0,0.0362909396590112,-48.400000000000404,-0.7957634049
879,1000.0,0.0693681323527926,-74.10000000000007,-0.0010464547420687281
880,230.0,0.015284868308299338,-18.799999999999983,-0.9
881,444.0,0.03067305325748748,-37.900000000000254,-0.7413382281370688
882,488.0,0.03358355001637392,-36.80000000000024,-0.7389252875504293
883,287.0,0.020070932338967395,-22.300000000000033,-0.99
884,1000.0,0.0688349761740028,-76.9999999999999,-7.66299093180045e-06
885,39.0,0.0033826502794909175,-4.8000000000000025,-0.7145787797611958
886,210.0,0.015379722152829345,-19.39999999999999,-0.7427863162336246
887,235.0,0.015446366674950696,-21.800000000000026,-0.7300031843158563
888,1000.0,0.07150534108222928,-79.09999999999978,-0.037684794414705264
889,712.0,0.04942237887735246,-59.30000000000056,-1.0
890,308.0,0.02488132690996281,-24.000000000000057,-0.9517427364845163
891,1000.0,0.06639169630398101,-80.4999999999997,-1.4019067116899375e-07
892,390.0,0.027731173627216776,-32.90000000000018,-0.6678067647125848
893,758.0,0.051693934502509364,-61.200000000000585,-0.7290683789813149
894,1000.0,0.0710501131543424,-80.69999999999969,-9.38477748876898e-06
895,215.0,0.015762311076287006,-20.400000000000006,-0.9511518627724185
896,1000.0,0.0679241677007667,-82.99999999999956,0.0006284369800431816
897,836.0,0.05702655413915636,-68.20000000000046,-0.98091
898,1000.0,0.06926199477948103,-68.3000000000004,-0.00011621773892971088
899,198.0,0.013728771604291978,-18.799999999999983,-0.7729592279093981
900,795.0,0.052752136680283,-58.50000000000055,-0.7727822309647288
901,286.0,0.02108646791839419,-25.00000000000007,-0.9
902,617.0,0.041996274958364666,-49.50000000000042,-0.7329850891233956
903,98.0,0.006314304030638596,-10.499999999999982,-0.9
904,565.0,0.038415454195273924,-44.10000000000034,-0.6650327587953864
905,223.0,0.017060645104720606,-17.99999999999997,-0.9
906,509.0,0.034084265475030406,-40.20000000000029,-0.8829
907,230.0,0.014855734002594545,-15.999999999999963,-0.882819
908,692.0,0.04841283778023353,-49.50000000000042,-0.9525383305248826
909,760.0,0.05045131388487789,-51.80000000000045,-1.0
910,1000.0,0.06792698863409896,-66.80000000000048,-1.1233762493012556e-06
911,1000.0,0.06801055874893791,-65.80000000000054,-0.06413164188961988
912,80.0,0.006209224306985561,-8.899999999999988,-0.7286603647021295
913,1000.0,0.06827361067280435,-67.80000000000042,5.231219174196833e-05
914,455.0,0.030607113967562327,-38.700000000000266,-0.9
915,937.0,0.063507645784739,-71.80000000000025,-0.8925096462450484
916,442.0,0.03098899765882379,-37.80000000000025,-0.99
917,1000.0,0.06826514787735505,-71.30000000000022,-0.0282053748052499
918,76.0,0.006511769281132729,-7.199999999999994,-0.8986789514821627
919,742.0,0.04923408165541332,-58.300000000000544,-0.8985982982285191
920,595.0,0.04105549408268416,-42.100000000000314,-0.882352832427678
921,157.0,0.009567191430505773,-14.999999999999966,-0.8980763629423817
922,308.0,0.020698942361377703,-22.20000000000003,-0.7396508716016303
923,80.0,0.0048773917096696096,-6.899999999999995,-0.896295219118318
924,221.0,0.015614917370839976,-20.500000000000007,-0.8980283964857831
925,1000.0,0.06923413807544421,-71.90000000000019,0.03248345725936945
926,169.0,0.011961457603320014,-14.599999999999968,-0.9802734412039613
927,284.0,0.01907020665385062,-23.900000000000055,-0.7705849285817519
928,401.0,0.02892654363222391,-28.600000000000122,-0.7358070259921596
929,86.0,0.005462735132823582,-8.19999999999999,-0.6622263233929437
930,1000.0,0.07231318553112942,-72.60000000000015,0.0009729208239687009
931,356.0,0.024218407851549273,-24.90000000000007,-0.935565207140864
932,587.0,0.0413146672253788,-45.40000000000036,-0.5960036910536494
933,441.0,0.03232894043685519,-34.60000000000021,-0.6068543527026564
934,1000.0,0.06834378136045416,-66.5000000000005,1.5943327119488648e-06
935,114.0,0.00830976091856428,-8.699999999999989,-0.5461689174323907
936,347.0,0.02449662228627858,-24.30000000000006,-0.8608989544213895
937,688.0,0.04841706917795818,-46.90000000000038,-0.7728066401992277
938,527.0,0.035790929433460406,-42.60000000000032,-0.6935264357235766
939,78.0,0.00465489068574243,-7.8999999999999915,-0.6561615410831834
940,1000.0,0.06844145613649744,-65.70000000000054,0.03174075485567214
941,311.0,0.022056515966141887,-25.500000000000078,-0.6956633051184582
942,686.0,0.04800168691781437,-48.2000000000004,-0.8963271482636478
943,578.0,0.04621004237742454,-44.60000000000035,-1.0
944,207.0,0.01535292329663207,-19.099999999999987,-0.9
945,107.0,0.009046024213603232,-11.399999999999979,-1.0
946,286.0,0.019305401872770744,-19.39999999999999,-0.6560999999999999
947,105.0,0.007977596156706568,-10.499999999999982,-0.5364033219482844
948,107.0,0.00845503892560373,-11.09999999999998,-0.6241737921512189
949,1000.0,0.07032619143774355,-74.30000000000005,-1.304346616826102e-06
950,541.0,0.03570030698847404,-44.40000000000035,-0.89981
951,698.0,0.05037091731719556,-53.30000000000047,-1.0
952,1000.0,0.06931665034062462,-72.30000000000017,0.04199501975864555
953,1000.0,0.06831380895710026,-75.99999999999996,-2.6705674963101167e-08
954,284.0,0.01992318601696752,-21.30000000000002,-0.99
955,1000.0,0.07068762337257795,-70.90000000000025,0.02436132867416373
956,591.0,0.04101811673172051,-42.200000000000315,-0.7988031431093757
957,114.0,0.009832359053689288,-12.199999999999976,-0.5671793766454576
958,598.0,0.04066444236195821,-42.60000000000032,-0.5314409999999999
959,307.0,0.021088231000248925,-23.200000000000045,-0.5985294829158477
960,1000.0,0.06832509268588183,-68.80000000000037,-0.0020915237603236214
961,932.0,0.0675320581312917,-68.40000000000045,-0.898368219529025
962,327.0,0.022081199122112594,-19.19999999999999,-0.8572844974723943
963,66.0,0.004402769873195211,-6.299999999999997,-0.7189228287984382
964,1000.0,0.06680531548227009,-68.70000000000037,0.07811120800204023
965,824.0,0.057776569478846795,-57.40000000000053,-0.8182652784635382
966,1000.0,0.06955713480692793,-66.90000000000047,4.021605641377213e-06
967,1000.0,0.06977117303449631,-72.10000000000018,-0.03424751592123114
968,185.0,0.01263389730866038,-18.999999999999986,-1.0
969,310.0,0.01956528024857107,-27.0000000000001,-0.9809
970,373.0,0.029008703280851478,-27.400000000000105,-0.5104614389809118
971,165.0,0.01226682351079944,-17.29999999999996,-0.9
972,730.0,0.05021611866504827,-50.30000000000043,-0.4915520256891517
973,144.0,0.010583432242128765,-12.399999999999975,-0.9804815355146125
974,1000.0,0.06950671064532798,-67.40000000000045,9.4918011044276e-05
975,584.0,0.040078746321341896,-41.1000000000003,-0.7465831420996689
976,1000.0,0.06854688847579382,-71.30000000000022,-0.06027906312638544
977,180.0,0.012473809408220404,-16.19999999999996,-0.7750572361810882
978,255.0,0.0165867285013519,-24.90000000000007,-0.972538
979,667.0,0.04652281323069474,-49.60000000000042,-0.896508329
980,402.0,0.02936167241750809,-31.20000000000016,-0.81
981,848.0,0.057023733206733596,-61.00000000000058,-0.99
982,885.0,0.059819982213412004,-62.1000000000006,-0.972629
983,950.0,0.06504152764773607,-64.80000000000064,-0.7341453317615009
984,148.0,0.011499882578391407,-12.999999999999973,-0.9809
985,1000.0,0.0666952991286962,-67.60000000000043,9.898746267111846e-09
986,126.0,0.010560159551459947,-11.09999999999998,-0.809829
987,830.0,0.05790668497411389,-64.60000000000063,-0.9
988,1000.0,0.06712267035072728,-68.40000000000039,0.059955725752334155
989,416.0,0.029718872952798847,-34.0000000000002,-0.81
990,232.0,0.01555461994576035,-21.40000000000002,-0.9264282215093746
991,471.0,0.03125945453029999,-36.600000000000236,-0.972709
992,495.0,0.03416536727490893,-32.60000000000018,-0.5233399936589166
993,644.0,0.04515395589896798,-50.30000000000043,-0.99
994,1000.0,0.07130681798116711,-70.70000000000026,-0.06569362504854243
995,346.0,0.023921152124785294,-26.200000000000088,-0.8166936790688561
996,1000.0,0.06905465626641671,-74.00000000000007,-4.142313463073588e-08
997,1000.0,0.07083960109139298,-68.00000000000041,-5.6025934509873476e-05
998,945.0,0.0663800599586466,-73.00000000000018,-0.891
999,327.0,0.02139465475738689,-23.100000000000044,-0.8983947840603291
1000,0.0,0.0,0.0,0.0
1001,0.0,0.0,0.0,0.0
1002,0.0,0.0,0.0,0.0
1003,0.0,0.0,0.0,0.0
1004,0.0,0.0,0.0,0.0
1005,0.0,0.0,0.0,0.0
1006,0.0,0.0,0.0,0.0
1007,0.0,0.0,0.0,0.0
1008,0.0,0.0,0.0,0.0
1009,0.0,0.0,0.0,0.0
1010,0.0,0.0,0.0,0.0
1011,0.0,0.0,0.0,0.0
1012,0.0,0.0,0.0,0.0
1013,0.0,0.0,0.0,0.0
1014,0.0,0.0,0.0,0.0
1015,0.0,0.0,0.0,0.0
1016,0.0,0.0,0.0,0.0
1017,0.0,0.0,0.0,0.0
1018,0.0,0.0,0.0,0.0
1019,0.0,0.0,0.0,0.0
1020,0.0,0.0,0.0,0.0
1021,0.0,0.0,0.0,0.0
1022,0.0,0.0,0.0,0.0
1023,0.0,0.0,0.0,0.0
1024,0.0,0.0,0.0,0.0
1025,0.0,0.0,0.0,0.0
1026,0.0,0.0,0.0,0.0
1027,0.0,0.0,0.0,0.0
1028,0.0,0.0,0.0,0.0
1029,0.0,0.0,0.0,0.0
1030,0.0,0.0,0.0,0.0
1031,0.0,0.0,0.0,0.0
1032,0.0,0.0,0.0,0.0
1033,0.0,0.0,0.0,0.0
1034,0.0,0.0,0.0,0.0
1035,0.0,0.0,0.0,0.0
1036,0.0,0.0,0.0,0.0
1037,0.0,0.0,0.0,0.0
1038,0.0,0.0,0.0,0.0
1039,0.0,0.0,0.0,0.0
1040,0.0,0.0,0.0,0.0
1041,0.0,0.0,0.0,0.0
1042,0.0,0.0,0.0,0.0
1043,0.0,0.0,0.0,0.0
1044,0.0,0.0,0.0,0.0
1045,0.0,0.0,0.0,0.0
1046,0.0,0.0,0.0,0.0
1047,0.0,0.0,0.0,0.0
1048,0.0,0.0,0.0,0.0
1049,0.0,0.0,0.0,0.0
1050,0.0,0.0,0.0,0.0
1051,0.0,0.0,0.0,0.0
1052,0.0,0.0,0.0,0.0
1053,0.0,0.0,0.0,0.0
1054,0.0,0.0,0.0,0.0
1055,0.0,0.0,0.0,0.0
1056,0.0,0.0,0.0,0.0
1057,0.0,0.0,0.0,0.0
1058,0.0,0.0,0.0,0.0
1059,0.0,0.0,0.0,0.0
1060,0.0,0.0,0.0,0.0
1061,0.0,0.0,0.0,0.0
1062,0.0,0.0,0.0,0.0
1063,0.0,0.0,0.0,0.0
1064,0.0,0.0,0.0,0.0
1065,0.0,0.0,0.0,0.0
1066,0.0,0.0,0.0,0.0
1067,0.0,0.0,0.0,0.0
1068,0.0,0.0,0.0,0.0
1069,0.0,0.0,0.0,0.0
1070,0.0,0.0,0.0,0.0
1071,0.0,0.0,0.0,0.0
1072,0.0,0.0,0.0,0.0
1073,0.0,0.0,0.0,0.0
1074,0.0,0.0,0.0,0.0
1075,0.0,0.0,0.0,0.0
1076,0.0,0.0,0.0,0.0
1077,0.0,0.0,0.0,0.0
1078,0.0,0.0,0.0,0.0
1079,0.0,0.0,0.0,0.0
1080,0.0,0.0,0.0,0.0
1081,0.0,0.0,0.0,0.0
1082,0.0,0.0,0.0,0.0
1083,0.0,0.0,0.0,0.0
1084,0.0,0.0,0.0,0.0
1085,0.0,0.0,0.0,0.0
1086,0.0,0.0,0.0,0.0
1087,0.0,0.0,0.0,0.0
1088,0.0,0.0,0.0,0.0
1089,0.0,0.0,0.0,0.0
1090,0.0,0.0,0.0,0.0
1091,0.0,0.0,0.0,0.0
1092,0.0,0.0,0.0,0.0
1093,0.0,0.0,0.0,0.0
1094,0.0,0.0,0.0,0.0
1095,0.0,0.0,0.0,0.0
1096,0.0,0.0,0.0,0.0
1097,0.0,0.0,0.0,0.0
1098,0.0,0.0,0.0,0.0
1099,0.0,0.0,0.0,0.0
1100,0.0,0.0,0.0,0.0
1101,0.0,0.0,0.0,0.0
1102,0.0,0.0,0.0,0.0
1103,0.0,0.0,0.0,0.0
1104,0.0,0.0,0.0,0.0
1105,0.0,0.0,0.0,0.0
1106,0.0,0.0,0.0,0.0
1107,0.0,0.0,0.0,0.0
1108,0.0,0.0,0.0,0.0
1109,0.0,0.0,0.0,0.0
1110,0.0,0.0,0.0,0.0
1111,0.0,0.0,0.0,0.0
1112,0.0,0.0,0.0,0.0
1113,0.0,0.0,0.0,0.0
1114,0.0,0.0,0.0,0.0
1115,0.0,0.0,0.0,0.0
1116,0.0,0.0,0.0,0.0
1117,0.0,0.0,0.0,0.0
1118,0.0,0.0,0.0,0.0
1119,0.0,0.0,0.0,0.0
1120,0.0,0.0,0.0,0.0
1121,0.0,0.0,0.0,0.0
1122,0.0,0.0,0.0,0.0
1123,0.0,0.0,0.0,0.0
1124,0.0,0.0,0.0,0.0
1125,0.0,0.0,0.0,0.0
1126,0.0,0.0,0.0,0.0
1127,0.0,0.0,0.0,0.0
1128,0.0,0.0,0.0,0.0
1129,0.0,0.0,0.0,0.0
1130,0.0,0.0,0.0,0.0
1131,0.0,0.0,0.0,0.0
1132,0.0,0.0,0.0,0.0
1133,0.0,0.0,0.0,0.0
1134,0.0,0.0,0.0,0.0
1135,0.0,0.0,0.0,0.0
1136,0.0,0.0,0.0,0.0
1137,0.0,0.0,0.0,0.0
1138,0.0,0.0,0.0,0.0
1139,0.0,0.0,0.0,0.0
1140,0.0,0.0,0.0,0.0
1141,0.0,0.0,0.0,0.0
1142,0.0,0.0,0.0,0.0
1143,0.0,0.0,0.0,0.0
1144,0.0,0.0,0.0,0.0
1145,0.0,0.0,0.0,0.0
1146,0.0,0.0,0.0,0.0
1147,0.0,0.0,0.0,0.0
1148,0.0,0.0,0.0,0.0
1149,0.0,0.0,0.0,0.0
1150,0.0,0.0,0.0,0.0
1151,0.0,0.0,0.0,0.0
1152,0.0,0.0,0.0,0.0
1153,0.0,0.0,0.0,0.0
1154,0.0,0.0,0.0,0.0
1155,0.0,0.0,0.0,0.0
1156,0.0,0.0,0.0,0.0
1157,0.0,0.0,0.0,0.0
1158,0.0,0.0,0.0,0.0
1159,0.0,0.0,0.0,0.0
1160,0.0,0.0,0.0,0.0
1161,0.0,0.0,0.0,0.0
1162,0.0,0.0,0.0,0.0
1163,0.0,0.0,0.0,0.0
1164,0.0,0.0,0.0,0.0
1165,0.0,0.0,0.0,0.0
1166,0.0,0.0,0.0,0.0
1167,0.0,0.0,0.0,0.0
1168,0.0,0.0,0.0,0.0
1169,0.0,0.0,0.0,0.0
1170,0.0,0.0,0.0,0.0
1171,0.0,0.0,0.0,0.0
1172,0.0,0.0,0.0,0.0
1173,0.0,0.0,0.0,0.0
1174,0.0,0.0,0.0,0.0
1175,0.0,0.0,0.0,0.0
1176,0.0,0.0,0.0,0.0
1177,0.0,0.0,0.0,0.0
1178,0.0,0.0,0.0,0.0
1179,0.0,0.0,0.0,0.0
1180,0.0,0.0,0.0,0.0
1181,0.0,0.0,0.0,0.0
1182,0.0,0.0,0.0,0.0
1183,0.0,0.0,0.0,0.0
1184,0.0,0.0,0.0,0.0
1185,0.0,0.0,0.0,0.0
1186,0.0,0.0,0.0,0.0
1187,0.0,0.0,0.0,0.0
1188,0.0,0.0,0.0,0.0
1189,0.0,0.0,0.0,0.0
1190,0.0,0.0,0.0,0.0
1191,0.0,0.0,0.0,0.0
1192,0.0,0.0,0.0,0.0
1193,0.0,0.0,0.0,0.0
1194,0.0,0.0,0.0,0.0
1195,0.0,0.0,0.0,0.0
1196,0.0,0.0,0.0,0.0
1197,0.0,0.0,0.0,0.0
1198,0.0,0.0,0.0,0.0
1199,0.0,0.0,0.0,0.0
1200,0.0,0.0,0.0,0.0
1201,0.0,0.0,0.0,0.0
1202,0.0,0.0,0.0,0.0
1203,0.0,0.0,0.0,0.0
1204,0.0,0.0,0.0,0.0
1205,0.0,0.0,0.0,0.0
1206,0.0,0.0,0.0,0.0
1207,0.0,0.0,0.0,0.0
1208,0.0,0.0,0.0,0.0
1209,0.0,0.0,0.0,0.0
1210,0.0,0.0,0.0,0.0
1211,0.0,0.0,0.0,0.0
1212,0.0,0.0,0.0,0.0
1213,0.0,0.0,0.0,0.0
1214,0.0,0.0,0.0,0.0
1215,0.0,0.0,0.0,0.0
1216,0.0,0.0,0.0,0.0
1217,0.0,0.0,0.0,0.0
1218,0.0,0.0,0.0,0.0
1219,0.0,0.0,0.0,0.0
1220,0.0,0.0,0.0,0.0
1221,0.0,0.0,0.0,0.0
1222,0.0,0.0,0.0,0.0
1223,0.0,0.0,0.0,0.0
1224,0.0,0.0,0.0,0.0
1225,0.0,0.0,0.0,0.0
1226,0.0,0.0,0.0,0.0
1227,0.0,0.0,0.0,0.0
1228,0.0,0.0,0.0,0.0
1229,0.0,0.0,0.0,0.0
1230,0.0,0.0,0.0,0.0
1231,0.0,0.0,0.0,0.0
1232,0.0,0.0,0.0,0.0
1233,0.0,0.0,0.0,0.0
1234,0.0,0.0,0.0,0.0
1235,0.0,0.0,0.0,0.0
1236,0.0,0.0,0.0,0.0
1237,0.0,0.0,0.0,0.0
1238,0.0,0.0,0.0,0.0
1239,0.0,0.0,0.0,0.0
1240,0.0,0.0,0.0,0.0
1241,0.0,0.0,0.0,0.0
1242,0.0,0.0,0.0,0.0
1243,0.0,0.0,0.0,0.0
1244,0.0,0.0,0.0,0.0
1245,0.0,0.0,0.0,0.0
1246,0.0,0.0,0.0,0.0
1247,0.0,0.0,0.0,0.0
1248,0.0,0.0,0.0,0.0
1249,0.0,0.0,0.0,0.0
1250,0.0,0.0,0.0,0.0
1251,0.0,0.0,0.0,0.0
1252,0.0,0.0,0.0,0.0
1253,0.0,0.0,0.0,0.0
1254,0.0,0.0,0.0,0.0
1255,0.0,0.0,0.0,0.0
1256,0.0,0.0,0.0,0.0
1257,0.0,0.0,0.0,0.0
1258,0.0,0.0,0.0,0.0
1259,0.0,0.0,0.0,0.0
1260,0.0,0.0,0.0,0.0
1261,0.0,0.0,0.0,0.0
1262,0.0,0.0,0.0,0.0
1263,0.0,0.0,0.0,0.0
1264,0.0,0.0,0.0,0.0
1265,0.0,0.0,0.0,0.0
1266,0.0,0.0,0.0,0.0
1267,0.0,0.0,0.0,0.0
1268,0.0,0.0,0.0,0.0
1269,0.0,0.0,0.0,0.0
1270,0.0,0.0,0.0,0.0
1271,0.0,0.0,0.0,0.0
1272,0.0,0.0,0.0,0.0
1273,0.0,0.0,0.0,0.0
1274,0.0,0.0,0.0,0.0
1275,0.0,0.0,0.0,0.0
1276,0.0,0.0,0.0,0.0
1277,0.0,0.0,0.0,0.0
1278,0.0,0.0,0.0,0.0
1279,0.0,0.0,0.0,0.0
1280,0.0,0.0,0.0,0.0
1281,0.0,0.0,0.0,0.0
1282,0.0,0.0,0.0,0.0
1283,0.0,0.0,0.0,0.0
1284,0.0,0.0,0.0,0.0
1285,0.0,0.0,0.0,0.0
1286,0.0,0.0,0.0,0.0
1287,0.0,0.0,0.0,0.0
1288,0.0,0.0,0.0,0.0
1289,0.0,0.0,0.0,0.0
1290,0.0,0.0,0.0,0.0
1291,0.0,0.0,0.0,0.0
1292,0.0,0.0,0.0,0.0
1293,0.0,0.0,0.0,0.0
1294,0.0,0.0,0.0,0.0
1295,0.0,0.0,0.0,0.0
1296,0.0,0.0,0.0,0.0
1297,0.0,0.0,0.0,0.0
1298,0.0,0.0,0.0,0.0
1299,0.0,0.0,0.0,0.0
1300,0.0,0.0,0.0,0.0
1301,0.0,0.0,0.0,0.0
1302,0.0,0.0,0.0,0.0
1303,0.0,0.0,0.0,0.0
1304,0.0,0.0,0.0,0.0
1305,0.0,0.0,0.0,0.0
1306,0.0,0.0,0.0,0.0
1307,0.0,0.0,0.0,0.0
1308,0.0,0.0,0.0,0.0
1309,0.0,0.0,0.0,0.0
1310,0.0,0.0,0.0,0.0
1311,0.0,0.0,0.0,0.0
1312,0.0,0.0,0.0,0.0
1313,0.0,0.0,0.0,0.0
1314,0.0,0.0,0.0,0.0
1315,0.0,0.0,0.0,0.0
1316,0.0,0.0,0.0,0.0
1317,0.0,0.0,0.0,0.0
1318,0.0,0.0,0.0,0.0
1319,0.0,0.0,0.0,0.0
1320,0.0,0.0,0.0,0.0
1321,0.0,0.0,0.0,0.0
1322,0.0,0.0,0.0,0.0
1323,0.0,0.0,0.0,0.0
1324,0.0,0.0,0.0,0.0
1325,0.0,0.0,0.0,0.0
1326,0.0,0.0,0.0,0.0
1327,0.0,0.0,0.0,0.0
1328,0.0,0.0,0.0,0.0
1329,0.0,0.0,0.0,0.0
1330,0.0,0.0,0.0,0.0
1331,0.0,0.0,0.0,0.0
1332,0.0,0.0,0.0,0.0
1333,0.0,0.0,0.0,0.0
1334,0.0,0.0,0.0,0.0
1335,0.0,0.0,0.0,0.0
1336,0.0,0.0,0.0,0.0
1337,0.0,0.0,0.0,0.0
1338,0.0,0.0,0.0,0.0
1339,0.0,0.0,0.0,0.0
1340,0.0,0.0,0.0,0.0
1341,0.0,0.0,0.0,0.0
1342,0.0,0.0,0.0,0.0
1343,0.0,0.0,0.0,0.0
1344,0.0,0.0,0.0,0.0
1345,0.0,0.0,0.0,0.0
1346,0.0,0.0,0.0,0.0
1347,0.0,0.0,0.0,0.0
1348,0.0,0.0,0.0,0.0
1349,0.0,0.0,0.0,0.0
1350,0.0,0.0,0.0,0.0
1351,0.0,0.0,0.0,0.0
1352,0.0,0.0,0.0,0.0
1353,0.0,0.0,0.0,0.0
1354,0.0,0.0,0.0,0.0
1355,0.0,0.0,0.0,0.0
1356,0.0,0.0,0.0,0.0
1357,0.0,0.0,0.0,0.0
1358,0.0,0.0,0.0,0.0
1359,0.0,0.0,0.0,0.0
1360,0.0,0.0,0.0,0.0
1361,0.0,0.0,0.0,0.0
1362,0.0,0.0,0.0,0.0
1363,0.0,0.0,0.0,0.0
1364,0.0,0.0,0.0,0.0
1365,0.0,0.0,0.0,0.0
1366,0.0,0.0,0.0,0.0
1367,0.0,0.0,0.0,0.0
1368,0.0,0.0,0.0,0.0
1369,0.0,0.0,0.0,0.0
1370,0.0,0.0,0.0,0.0
1371,0.0,0.0,0.0,0.0
1372,0.0,0.0,0.0,0.0
1373,0.0,0.0,0.0,0.0
1374,0.0,0.0,0.0,0.0
1375,0.0,0.0,0.0,0.0
1376,0.0,0.0,0.0,0.0
1377,0.0,0.0,0.0,0.0
1378,0.0,0.0,0.0,0.0
1379,0.0,0.0,0.0,0.0
1380,0.0,0.0,0.0,0.0
1381,0.0,0.0,0.0,0.0
1382,0.0,0.0,0.0,0.0
1383,0.0,0.0,0.0,0.0
1384,0.0,0.0,0.0,0.0
1385,0.0,0.0,0.0,0.0
1386,0.0,0.0,0.0,0.0
1387,0.0,0.0,0.0,0.0
1388,0.0,0.0,0.0,0.0
1389,0.0,0.0,0.0,0.0
1390,0.0,0.0,0.0,0.0
1391,0.0,0.0,0.0,0.0
1392,0.0,0.0,0.0,0.0
1393,0.0,0.0,0.0,0.0
1394,0.0,0.0,0.0,0.0
1395,0.0,0.0,0.0,0.0
1396,0.0,0.0,0.0,0.0
1397,0.0,0.0,0.0,0.0
1398,0.0,0.0,0.0,0.0
1399,0.0,0.0,0.0,0.0
1400,0.0,0.0,0.0,0.0
1401,0.0,0.0,0.0,0.0
1402,0.0,0.0,0.0,0.0
1403,0.0,0.0,0.0,0.0
1404,0.0,0.0,0.0,0.0
1405,0.0,0.0,0.0,0.0
1406,0.0,0.0,0.0,0.0
1407,0.0,0.0,0.0,0.0
1408,0.0,0.0,0.0,0.0
1409,0.0,0.0,0.0,0.0
1410,0.0,0.0,0.0,0.0
1411,0.0,0.0,0.0,0.0
1412,0.0,0.0,0.0,0.0
1413,0.0,0.0,0.0,0.0
1414,0.0,0.0,0.0,0.0
1415,0.0,0.0,0.0,0.0
1416,0.0,0.0,0.0,0.0
1417,0.0,0.0,0.0,0.0
1418,0.0,0.0,0.0,0.0
1419,0.0,0.0,0.0,0.0
1420,0.0,0.0,0.0,0.0
1421,0.0,0.0,0.0,0.0
1422,0.0,0.0,0.0,0.0
1423,0.0,0.0,0.0,0.0
1424,0.0,0.0,0.0,0.0
1425,0.0,0.0,0.0,0.0
1426,0.0,0.0,0.0,0.0
1427,0.0,0.0,0.0,0.0
1428,0.0,0.0,0.0,0.0
1429,0.0,0.0,0.0,0.0
1430,0.0,0.0,0.0,0.0
1431,0.0,0.0,0.0,0.0
1432,0.0,0.0,0.0,0.0
1433,0.0,0.0,0.0,0.0
1434,0.0,0.0,0.0,0.0
1435,0.0,0.0,0.0,0.0
1436,0.0,0.0,0.0,0.0
1437,0.0,0.0,0.0,0.0
1438,0.0,0.0,0.0,0.0
1439,0.0,0.0,0.0,0.0
1440,0.0,0.0,0.0,0.0
1441,0.0,0.0,0.0,0.0
1442,0.0,0.0,0.0,0.0
1443,0.0,0.0,0.0,0.0
1444,0.0,0.0,0.0,0.0
1445,0.0,0.0,0.0,0.0
1446,0.0,0.0,0.0,0.0
1447,0.0,0.0,0.0,0.0
1448,0.0,0.0,0.0,0.0
1449,0.0,0.0,0.0,0.0
1450,0.0,0.0,0.0,0.0
1451,0.0,0.0,0.0,0.0
1452,0.0,0.0,0.0,0.0
1453,0.0,0.0,0.0,0.0
1454,0.0,0.0,0.0,0.0
1455,0.0,0.0,0.0,0.0
1456,0.0,0.0,0.0,0.0
1457,0.0,0.0,0.0,0.0
1458,0.0,0.0,0.0,0.0
1459,0.0,0.0,0.0,0.0
1460,0.0,0.0,0.0,0.0
1461,0.0,0.0,0.0,0.0
1462,0.0,0.0,0.0,0.0
1463,0.0,0.0,0.0,0.0
1464,0.0,0.0,0.0,0.0
1465,0.0,0.0,0.0,0.0
1466,0.0,0.0,0.0,0.0
1467,0.0,0.0,0.0,0.0
1468,0.0,0.0,0.0,0.0
1469,0.0,0.0,0.0,0.0
1470,0.0,0.0,0.0,0.0
1471,0.0,0.0,0.0,0.0
1472,0.0,0.0,0.0,0.0
1473,0.0,0.0,0.0,0.0
1474,0.0,0.0,0.0,0.0
1475,0.0,0.0,0.0,0.0
1476,0.0,0.0,0.0,0.0
1477,0.0,0.0,0.0,0.0
1478,0.0,0.0,0.0,0.0
1479,0.0,0.0,0.0,0.0
1480,0.0,0.0,0.0,0.0
1481,0.0,0.0,0.0,0.0
1482,0.0,0.0,0.0,0.0
1483,0.0,0.0,0.0,0.0
1484,0.0,0.0,0.0,0.0
1485,0.0,0.0,0.0,0.0
1486,0.0,0.0,0.0,0.0
1487,0.0,0.0,0.0,0.0
1488,0.0,0.0,0.0,0.0
1489,0.0,0.0,0.0,0.0
1490,0.0,0.0,0.0,0.0
1491,0.0,0.0,0.0,0.0
1492,0.0,0.0,0.0,0.0
1493,0.0,0.0,0.0,0.0
1494,0.0,0.0,0.0,0.0
1495,0.0,0.0,0.0,0.0
1496,0.0,0.0,0.0,0.0
1497,0.0,0.0,0.0,0.0
1498,0.0,0.0,0.0,0.0
1499,0.0,0.0,0.0,0.0
1500,0.0,0.0,0.0,0.0
1501,0.0,0.0,0.0,0.0
1502,0.0,0.0,0.0,0.0
1503,0.0,0.0,0.0,0.0
1504,0.0,0.0,0.0,0.0
1505,0.0,0.0,0.0,0.0
1506,0.0,0.0,0.0,0.0
1507,0.0,0.0,0.0,0.0
1508,0.0,0.0,0.0,0.0
1509,0.0,0.0,0.0,0.0
1510,0.0,0.0,0.0,0.0
1511,0.0,0.0,0.0,0.0
1512,0.0,0.0,0.0,0.0
1513,0.0,0.0,0.0,0.0
1514,0.0,0.0,0.0,0.0
1515,0.0,0.0,0.0,0.0
1516,0.0,0.0,0.0,0.0
1517,0.0,0.0,0.0,0.0
1518,0.0,0.0,0.0,0.0
1519,0.0,0.0,0.0,0.0
1520,0.0,0.0,0.0,0.0
1521,0.0,0.0,0.0,0.0
1522,0.0,0.0,0.0,0.0
1523,0.0,0.0,0.0,0.0
1524,0.0,0.0,0.0,0.0
1525,0.0,0.0,0.0,0.0
1526,0.0,0.0,0.0,0.0
1527,0.0,0.0,0.0,0.0
1528,0.0,0.0,0.0,0.0
1529,0.0,0.0,0.0,0.0
1530,0.0,0.0,0.0,0.0
1531,0.0,0.0,0.0,0.0
1532,0.0,0.0,0.0,0.0
1533,0.0,0.0,0.0,0.0
1534,0.0,0.0,0.0,0.0
1535,0.0,0.0,0.0,0.0
1536,0.0,0.0,0.0,0.0
1537,0.0,0.0,0.0,0.0
1538,0.0,0.0,0.0,0.0
1539,0.0,0.0,0.0,0.0
1540,0.0,0.0,0.0,0.0
1541,0.0,0.0,0.0,0.0
1542,0.0,0.0,0.0,0.0
1543,0.0,0.0,0.0,0.0
1544,0.0,0.0,0.0,0.0
1545,0.0,0.0,0.0,0.0
1546,0.0,0.0,0.0,0.0
1547,0.0,0.0,0.0,0.0
1548,0.0,0.0,0.0,0.0
1549,0.0,0.0,0.0,0.0
1550,0.0,0.0,0.0,0.0
1551,0.0,0.0,0.0,0.0
1552,0.0,0.0,0.0,0.0
1553,0.0,0.0,0.0,0.0
1554,0.0,0.0,0.0,0.0
1555,0.0,0.0,0.0,0.0
1556,0.0,0.0,0.0,0.0
1557,0.0,0.0,0.0,0.0
1558,0.0,0.0,0.0,0.0
1559,0.0,0.0,0.0,0.0
1560,0.0,0.0,0.0,0.0
1561,0.0,0.0,0.0,0.0
1562,0.0,0.0,0.0,0.0
1563,0.0,0.0,0.0,0.0
1564,0.0,0.0,0.0,0.0
1565,0.0,0.0,0.0,0.0
1566,0.0,0.0,0.0,0.0
1567,0.0,0.0,0.0,0.0
1568,0.0,0.0,0.0,0.0
1569,0.0,0.0,0.0,0.0
1570,0.0,0.0,0.0,0.0
1571,0.0,0.0,0.0,0.0
1572,0.0,0.0,0.0,0.0
1573,0.0,0.0,0.0,0.0
1574,0.0,0.0,0.0,0.0
1575,0.0,0.0,0.0,0.0
1576,0.0,0.0,0.0,0.0
1577,0.0,0.0,0.0,0.0
1578,0.0,0.0,0.0,0.0
1579,0.0,0.0,0.0,0.0
1580,0.0,0.0,0.0,0.0
1581,0.0,0.0,0.0,0.0
1582,0.0,0.0,0.0,0.0
1583,0.0,0.0,0.0,0.0
1584,0.0,0.0,0.0,0.0
1585,0.0,0.0,0.0,0.0
1586,0.0,0.0,0.0,0.0
1587,0.0,0.0,0.0,0.0
1588,0.0,0.0,0.0,0.0
1589,0.0,0.0,0.0,0.0
1590,0.0,0.0,0.0,0.0
1591,0.0,0.0,0.0,0.0
1592,0.0,0.0,0.0,0.0
1593,0.0,0.0,0.0,0.0
1594,0.0,0.0,0.0,0.0
1595,0.0,0.0,0.0,0.0
1596,0.0,0.0,0.0,0.0
1597,0.0,0.0,0.0,0.0
1598,0.0,0.0,0.0,0.0
1599,0.0,0.0,0.0,0.0
1600,0.0,0.0,0.0,0.0
1601,0.0,0.0,0.0,0.0
1602,0.0,0.0,0.0,0.0
1603,0.0,0.0,0.0,0.0
1604,0.0,0.0,0.0,0.0
1605,0.0,0.0,0.0,0.0
1606,0.0,0.0,0.0,0.0
1607,0.0,0.0,0.0,0.0
1608,0.0,0.0,0.0,0.0
1609,0.0,0.0,0.0,0.0
1610,0.0,0.0,0.0,0.0
1611,0.0,0.0,0.0,0.0
1612,0.0,0.0,0.0,0.0
1613,0.0,0.0,0.0,0.0
1614,0.0,0.0,0.0,0.0
1615,0.0,0.0,0.0,0.0
1616,0.0,0.0,0.0,0.0
1617,0.0,0.0,0.0,0.0
1618,0.0,0.0,0.0,0.0
1619,0.0,0.0,0.0,0.0
1620,0.0,0.0,0.0,0.0
1621,0.0,0.0,0.0,0.0
1622,0.0,0.0,0.0,0.0
1623,0.0,0.0,0.0,0.0
1624,0.0,0.0,0.0,0.0
1625,0.0,0.0,0.0,0.0
1626,0.0,0.0,0.0,0.0
1627,0.0,0.0,0.0,0.0
1628,0.0,0.0,0.0,0.0
1629,0.0,0.0,0.0,0.0
1630,0.0,0.0,0.0,0.0
1631,0.0,0.0,0.0,0.0
1632,0.0,0.0,0.0,0.0
1633,0.0,0.0,0.0,0.0
1634,0.0,0.0,0.0,0.0
1635,0.0,0.0,0.0,0.0
1636,0.0,0.0,0.0,0.0
1637,0.0,0.0,0.0,0.0
1638,0.0,0.0,0.0,0.0
1639,0.0,0.0,0.0,0.0
1640,0.0,0.0,0.0,0.0
1641,0.0,0.0,0.0,0.0
1642,0.0,0.0,0.0,0.0
1643,0.0,0.0,0.0,0.0
1644,0.0,0.0,0.0,0.0
1645,0.0,0.0,0.0,0.0
1646,0.0,0.0,0.0,0.0
1647,0.0,0.0,0.0,0.0
1648,0.0,0.0,0.0,0.0
1649,0.0,0.0,0.0,0.0
1650,0.0,0.0,0.0,0.0
1651,0.0,0.0,0.0,0.0
1652,0.0,0.0,0.0,0.0
1653,0.0,0.0,0.0,0.0
1654,0.0,0.0,0.0,0.0
1655,0.0,0.0,0.0,0.0
1656,0.0,0.0,0.0,0.0
1657,0.0,0.0,0.0,0.0
1658,0.0,0.0,0.0,0.0
1659,0.0,0.0,0.0,0.0
1660,0.0,0.0,0.0,0.0
1661,0.0,0.0,0.0,0.0
1662,0.0,0.0,0.0,0.0
1663,0.0,0.0,0.0,0.0
1664,0.0,0.0,0.0,0.0
1665,0.0,0.0,0.0,0.0
1666,0.0,0.0,0.0,0.0
1667,0.0,0.0,0.0,0.0
1668,0.0,0.0,0.0,0.0
1669,0.0,0.0,0.0,0.0
1670,0.0,0.0,0.0,0.0
1671,0.0,0.0,0.0,0.0
1672,0.0,0.0,0.0,0.0
1673,0.0,0.0,0.0,0.0
1674,0.0,0.0,0.0,0.0
1675,0.0,0.0,0.0,0.0
1676,0.0,0.0,0.0,0.0
1677,0.0,0.0,0.0,0.0
1678,0.0,0.0,0.0,0.0
1679,0.0,0.0,0.0,0.0
1680,0.0,0.0,0.0,0.0
1681,0.0,0.0,0.0,0.0
1682,0.0,0.0,0.0,0.0
1683,0.0,0.0,0.0,0.0
1684,0.0,0.0,0.0,0.0
1685,0.0,0.0,0.0,0.0
1686,0.0,0.0,0.0,0.0
1687,0.0,0.0,0.0,0.0
1688,0.0,0.0,0.0,0.0
1689,0.0,0.0,0.0,0.0
1690,0.0,0.0,0.0,0.0
1691,0.0,0.0,0.0,0.0
1692,0.0,0.0,0.0,0.0
1693,0.0,0.0,0.0,0.0
1694,0.0,0.0,0.0,0.0
1695,0.0,0.0,0.0,0.0
1696,0.0,0.0,0.0,0.0
1697,0.0,0.0,0.0,0.0
1698,0.0,0.0,0.0,0.0
1699,0.0,0.0,0.0,0.0
1700,0.0,0.0,0.0,0.0
1701,0.0,0.0,0.0,0.0
1702,0.0,0.0,0.0,0.0
1703,0.0,0.0,0.0,0.0
1704,0.0,0.0,0.0,0.0
1705,0.0,0.0,0.0,0.0
1706,0.0,0.0,0.0,0.0
1707,0.0,0.0,0.0,0.0
1708,0.0,0.0,0.0,0.0
1709,0.0,0.0,0.0,0.0
1710,0.0,0.0,0.0,0.0
1711,0.0,0.0,0.0,0.0
1712,0.0,0.0,0.0,0.0
1713,0.0,0.0,0.0,0.0
1714,0.0,0.0,0.0,0.0
1715,0.0,0.0,0.0,0.0
1716,0.0,0.0,0.0,0.0
1717,0.0,0.0,0.0,0.0
1718,0.0,0.0,0.0,0.0
1719,0.0,0.0,0.0,0.0
1720,0.0,0.0,0.0,0.0
1721,0.0,0.0,0.0,0.0
1722,0.0,0.0,0.0,0.0
1723,0.0,0.0,0.0,0.0
1724,0.0,0.0,0.0,0.0
1725,0.0,0.0,0.0,0.0
1726,0.0,0.0,0.0,0.0
1727,0.0,0.0,0.0,0.0
1728,0.0,0.0,0.0,0.0
1729,0.0,0.0,0.0,0.0
1730,0.0,0.0,0.0,0.0
1731,0.0,0.0,0.0,0.0
1732,0.0,0.0,0.0,0.0
1733,0.0,0.0,0.0,0.0
1734,0.0,0.0,0.0,0.0
1735,0.0,0.0,0.0,0.0
1736,0.0,0.0,0.0,0.0
1737,0.0,0.0,0.0,0.0
1738,0.0,0.0,0.0,0.0
1739,0.0,0.0,0.0,0.0
1740,0.0,0.0,0.0,0.0
1741,0.0,0.0,0.0,0.0
1742,0.0,0.0,0.0,0.0
1743,0.0,0.0,0.0,0.0
1744,0.0,0.0,0.0,0.0
1745,0.0,0.0,0.0,0.0
1746,0.0,0.0,0.0,0.0
1747,0.0,0.0,0.0,0.0
1748,0.0,0.0,0.0,0.0
1749,0.0,0.0,0.0,0.0
1750,0.0,0.0,0.0,0.0
1751,0.0,0.0,0.0,0.0
1752,0.0,0.0,0.0,0.0
1753,0.0,0.0,0.0,0.0
1754,0.0,0.0,0.0,0.0
1755,0.0,0.0,0.0,0.0
1756,0.0,0.0,0.0,0.0
1757,0.0,0.0,0.0,0.0
1758,0.0,0.0,0.0,0.0
1759,0.0,0.0,0.0,0.0
1760,0.0,0.0,0.0,0.0
1761,0.0,0.0,0.0,0.0
1762,0.0,0.0,0.0,0.0
1763,0.0,0.0,0.0,0.0
1764,0.0,0.0,0.0,0.0
1765,0.0,0.0,0.0,0.0
1766,0.0,0.0,0.0,0.0
1767,0.0,0.0,0.0,0.0
1768,0.0,0.0,0.0,0.0
1769,0.0,0.0,0.0,0.0
1770,0.0,0.0,0.0,0.0
1771,0.0,0.0,0.0,0.0
1772,0.0,0.0,0.0,0.0
1773,0.0,0.0,0.0,0.0
1774,0.0,0.0,0.0,0.0
1775,0.0,0.0,0.0,0.0
1776,0.0,0.0,0.0,0.0
1777,0.0,0.0,0.0,0.0
1778,0.0,0.0,0.0,0.0
1779,0.0,0.0,0.0,0.0
1780,0.0,0.0,0.0,0.0
1781,0.0,0.0,0.0,0.0
1782,0.0,0.0,0.0,0.0
1783,0.0,0.0,0.0,0.0
1784,0.0,0.0,0.0,0.0
1785,0.0,0.0,0.0,0.0
1786,0.0,0.0,0.0,0.0
1787,0.0,0.0,0.0,0.0
1788,0.0,0.0,0.0,0.0
1789,0.0,0.0,0.0,0.0
1790,0.0,0.0,0.0,0.0
1791,0.0,0.0,0.0,0.0
1792,0.0,0.0,0.0,0.0
1793,0.0,0.0,0.0,0.0
1794,0.0,0.0,0.0,0.0
1795,0.0,0.0,0.0,0.0
1796,0.0,0.0,0.0,0.0
1797,0.0,0.0,0.0,0.0
1798,0.0,0.0,0.0,0.0
1799,0.0,0.0,0.0,0.0
1800,0.0,0.0,0.0,0.0
1801,0.0,0.0,0.0,0.0
1802,0.0,0.0,0.0,0.0
1803,0.0,0.0,0.0,0.0
1804,0.0,0.0,0.0,0.0
1805,0.0,0.0,0.0,0.0
1806,0.0,0.0,0.0,0.0
1807,0.0,0.0,0.0,0.0
1808,0.0,0.0,0.0,0.0
1809,0.0,0.0,0.0,0.0
1810,0.0,0.0,0.0,0.0
1811,0.0,0.0,0.0,0.0
1812,0.0,0.0,0.0,0.0
1813,0.0,0.0,0.0,0.0
1814,0.0,0.0,0.0,0.0
1815,0.0,0.0,0.0,0.0
1816,0.0,0.0,0.0,0.0
1817,0.0,0.0,0.0,0.0
1818,0.0,0.0,0.0,0.0
1819,0.0,0.0,0.0,0.0
1820,0.0,0.0,0.0,0.0
1821,0.0,0.0,0.0,0.0
1822,0.0,0.0,0.0,0.0
1823,0.0,0.0,0.0,0.0
1824,0.0,0.0,0.0,0.0
1825,0.0,0.0,0.0,0.0
1826,0.0,0.0,0.0,0.0
1827,0.0,0.0,0.0,0.0
1828,0.0,0.0,0.0,0.0
1829,0.0,0.0,0.0,0.0
1830,0.0,0.0,0.0,0.0
1831,0.0,0.0,0.0,0.0
1832,0.0,0.0,0.0,0.0
1833,0.0,0.0,0.0,0.0
1834,0.0,0.0,0.0,0.0
1835,0.0,0.0,0.0,0.0
1836,0.0,0.0,0.0,0.0
1837,0.0,0.0,0.0,0.0
1838,0.0,0.0,0.0,0.0
1839,0.0,0.0,0.0,0.0
1840,0.0,0.0,0.0,0.0
1841,0.0,0.0,0.0,0.0
1842,0.0,0.0,0.0,0.0
1843,0.0,0.0,0.0,0.0
1844,0.0,0.0,0.0,0.0
1845,0.0,0.0,0.0,0.0
1846,0.0,0.0,0.0,0.0
1847,0.0,0.0,0.0,0.0
1848,0.0,0.0,0.0,0.0
1849,0.0,0.0,0.0,0.0
1850,0.0,0.0,0.0,0.0
1851,0.0,0.0,0.0,0.0
1852,0.0,0.0,0.0,0.0
1853,0.0,0.0,0.0,0.0
1854,0.0,0.0,0.0,0.0
1855,0.0,0.0,0.0,0.0
1856,0.0,0.0,0.0,0.0
1857,0.0,0.0,0.0,0.0
1858,0.0,0.0,0.0,0.0
1859,0.0,0.0,0.0,0.0
1860,0.0,0.0,0.0,0.0
1861,0.0,0.0,0.0,0.0
1862,0.0,0.0,0.0,0.0
1863,0.0,0.0,0.0,0.0
1864,0.0,0.0,0.0,0.0
1865,0.0,0.0,0.0,0.0
1866,0.0,0.0,0.0,0.0
1867,0.0,0.0,0.0,0.0
1868,0.0,0.0,0.0,0.0
1869,0.0,0.0,0.0,0.0
1870,0.0,0.0,0.0,0.0
1871,0.0,0.0,0.0,0.0
1872,0.0,0.0,0.0,0.0
1873,0.0,0.0,0.0,0.0
1874,0.0,0.0,0.0,0.0
1875,0.0,0.0,0.0,0.0
1876,0.0,0.0,0.0,0.0
1877,0.0,0.0,0.0,0.0
1878,0.0,0.0,0.0,0.0
1879,0.0,0.0,0.0,0.0
1880,0.0,0.0,0.0,0.0
1881,0.0,0.0,0.0,0.0
1882,0.0,0.0,0.0,0.0
1883,0.0,0.0,0.0,0.0
1884,0.0,0.0,0.0,0.0
1885,0.0,0.0,0.0,0.0
1886,0.0,0.0,0.0,0.0
1887,0.0,0.0,0.0,0.0
1888,0.0,0.0,0.0,0.0
1889,0.0,0.0,0.0,0.0
1890,0.0,0.0,0.0,0.0
1891,0.0,0.0,0.0,0.0
1892,0.0,0.0,0.0,0.0
1893,0.0,0.0,0.0,0.0
1894,0.0,0.0,0.0,0.0
1895,0.0,0.0,0.0,0.0
1896,0.0,0.0,0.0,0.0
1897,0.0,0.0,0.0,0.0
1898,0.0,0.0,0.0,0.0
1899,0.0,0.0,0.0,0.0
1900,0.0,0.0,0.0,0.0
1901,0.0,0.0,0.0,0.0
1902,0.0,0.0,0.0,0.0
1903,0.0,0.0,0.0,0.0
1904,0.0,0.0,0.0,0.0
1905,0.0,0.0,0.0,0.0
1906,0.0,0.0,0.0,0.0
1907,0.0,0.0,0.0,0.0
1908,0.0,0.0,0.0,0.0
1909,0.0,0.0,0.0,0.0
1910,0.0,0.0,0.0,0.0
1911,0.0,0.0,0.0,0.0
1912,0.0,0.0,0.0,0.0
1913,0.0,0.0,0.0,0.0
1914,0.0,0.0,0.0,0.0
1915,0.0,0.0,0.0,0.0
1916,0.0,0.0,0.0,0.0
1917,0.0,0.0,0.0,0.0
1918,0.0,0.0,0.0,0.0
1919,0.0,0.0,0.0,0.0
1920,0.0,0.0,0.0,0.0
1921,0.0,0.0,0.0,0.0
1922,0.0,0.0,0.0,0.0
1923,0.0,0.0,0.0,0.0
1924,0.0,0.0,0.0,0.0
1925,0.0,0.0,0.0,0.0
1926,0.0,0.0,0.0,0.0
1927,0.0,0.0,0.0,0.0
1928,0.0,0.0,0.0,0.0
1929,0.0,0.0,0.0,0.0
1930,0.0,0.0,0.0,0.0
1931,0.0,0.0,0.0,0.0
1932,0.0,0.0,0.0,0.0
1933,0.0,0.0,0.0,0.0
1934,0.0,0.0,0.0,0.0
1935,0.0,0.0,0.0,0.0
1936,0.0,0.0,0.0,0.0
1937,0.0,0.0,0.0,0.0
1938,0.0,0.0,0.0,0.0
1939,0.0,0.0,0.0,0.0
1940,0.0,0.0,0.0,0.0
1941,0.0,0.0,0.0,0.0
1942,0.0,0.0,0.0,0.0
1943,0.0,0.0,0.0,0.0
1944,0.0,0.0,0.0,0.0
1945,0.0,0.0,0.0,0.0
1946,0.0,0.0,0.0,0.0
1947,0.0,0.0,0.0,0.0
1948,0.0,0.0,0.0,0.0
1949,0.0,0.0,0.0,0.0
1950,0.0,0.0,0.0,0.0
1951,0.0,0.0,0.0,0.0
1952,0.0,0.0,0.0,0.0
1953,0.0,0.0,0.0,0.0
1954,0.0,0.0,0.0,0.0
1955,0.0,0.0,0.0,0.0
1956,0.0,0.0,0.0,0.0
1957,0.0,0.0,0.0,0.0
1958,0.0,0.0,0.0,0.0
1959,0.0,0.0,0.0,0.0
1960,0.0,0.0,0.0,0.0
1961,0.0,0.0,0.0,0.0
1962,0.0,0.0,0.0,0.0
1963,0.0,0.0,0.0,0.0
1964,0.0,0.0,0.0,0.0
1965,0.0,0.0,0.0,0.0
1966,0.0,0.0,0.0,0.0
1967,0.0,0.0,0.0,0.0
1968,0.0,0.0,0.0,0.0
1969,0.0,0.0,0.0,0.0
1970,0.0,0.0,0.0,0.0
1971,0.0,0.0,0.0,0.0
1972,0.0,0.0,0.0,0.0
1973,0.0,0.0,0.0,0.0
1974,0.0,0.0,0.0,0.0
1975,0.0,0.0,0.0,0.0
1976,0.0,0.0,0.0,0.0
1977,0.0,0.0,0.0,0.0
1978,0.0,0.0,0.0,0.0
1979,0.0,0.0,0.0,0.0
1980,0.0,0.0,0.0,0.0
1981,0.0,0.0,0.0,0.0
1982,0.0,0.0,0.0,0.0
1983,0.0,0.0,0.0,0.0
1984,0.0,0.0,0.0,0.0
1985,0.0,0.0,0.0,0.0
1986,0.0,0.0,0.0,0.0
1987,0.0,0.0,0.0,0.0
1988,0.0,0.0,0.0,0.0
1989,0.0,0.0,0.0,0.0
1990,0.0,0.0,0.0,0.0
1991,0.0,0.0,0.0,0.0
1992,0.0,0.0,0.0,0.0
1993,0.0,0.0,0.0,0.0
1994,0.0,0.0,0.0,0.0
1995,0.0,0.0,0.0,0.0
1996,0.0,0.0,0.0,0.0
1997,0.0,0.0,0.0,0.0
1998,0.0,0.0,0.0,0.0
1999,0.0,0.0,0.0,0.0
