params,time,steps,reward_mean,reward_median,reward_min,reward_max,reward_std
"{""alpha"": 0.1, ""q_init"": ""random"", ""epsilon"": 0.3, ""epsilon_decay"": 0.0001, ""discount_factor"": 0.1}",77.96603456629236,100,-0.04812385961947816,-0.0486,-0.057499999999999996,-0.0364,0.004112202067984134
"{""alpha"": 0.1, ""q_init"": ""random"", ""epsilon"": 0.3, ""epsilon_decay"": 0.0001, ""discount_factor"": 0.2}",77.3395168166353,100,-0.04661099999999999,-0.0465,-0.05739999999999999,-0.037,0.004152442534220069
"{""alpha"": 0.1, ""q_init"": ""random"", ""epsilon"": 0.3, ""epsilon_decay"": 0.0001, ""discount_factor"": 0.3}",76.63390012912714,100,-0.04536388491048592,-0.04545,-0.0537,-0.0329,0.003456378638235931
"{""alpha"": 0.1, ""q_init"": ""random"", ""epsilon"": 0.3, ""epsilon_decay"": 0.0001, ""discount_factor"": 0.4}",76.01462512279795,100,-0.047958,-0.048299999999999996,-0.05539999999999999,-0.038799999999999994,0.003421963763688914
"{""alpha"": 0.1, ""q_init"": ""random"", ""epsilon"": 0.3, ""epsilon_decay"": 0.0001, ""discount_factor"": 0.5}",75.82142476820627,100,-0.04537836379613356,-0.04525,-0.04973637961335676,-0.0405,0.002070090277305221
"{""alpha"": 0.1, ""q_init"": ""random"", ""epsilon"": 0.3, ""epsilon_decay"": 0.0001, ""discount_factor"": 0.6}",76.12036000736225,100,-0.04371428719723183,-0.0438,-0.04959999999999999,-0.0375,0.002613526957075844
"{""alpha"": 0.1, ""q_init"": ""random"", ""epsilon"": 0.3, ""epsilon_decay"": 0.0001, ""discount_factor"": 0.7}",75.18248927516834,100,-0.04352601098901099,-0.043399999999999994,-0.053599999999999995,-0.0365,0.0028371891233834206
"{""alpha"": 0.1, ""q_init"": ""random"", ""epsilon"": 0.3, ""epsilon_decay"": 0.0001, ""discount_factor"": 0.8}",80.14043023446902,100,-0.04147614571023209,-0.04209999999999999,-0.04819999999999999,-0.030999999999999996,0.003928215043265113
"{""alpha"": 0.1, ""q_init"": ""random"", ""epsilon"": 0.3, ""epsilon_decay"": 0.0001, ""discount_factor"": 0.9}",78.77233173316017,100,-0.04377513513513514,-0.043899999999999995,-0.0513,-0.03559999999999999,0.0027337929887221286
"{""alpha"": 0.1, ""q_init"": ""random"", ""epsilon"": 0.5, ""epsilon_decay"": 0.0001, ""discount_factor"": 0.1}",78.36902165135871,100,-0.047230999999999995,-0.04745,-0.0547,-0.0385,0.003692199750826057
"{""alpha"": 0.1, ""q_init"": ""random"", ""epsilon"": 0.5, ""epsilon_decay"": 0.0001, ""discount_factor"": 0.2}",77.82380916111833,100,-0.047544,-0.04725,-0.0573,-0.0285,0.004211064473503106
"{""alpha"": 0.1, ""q_init"": ""random"", ""epsilon"": 0.5, ""epsilon_decay"": 0.0001, ""discount_factor"": 0.3}",78.27923490677858,100,-0.045915149154358306,-0.046,-0.0541,-0.029700000000000004,0.003867126959610728
"{""alpha"": 0.1, ""q_init"": ""random"", ""epsilon"": 0.5, ""epsilon_decay"": 0.0001, ""discount_factor"": 0.4}",78.17921170461159,100,-0.0476610625523276,-0.04773831437435366,-0.0547,-0.032,0.0033236620103319313
"{""alpha"": 0.1, ""q_init"": ""random"", ""epsilon"": 0.5, ""epsilon_decay"": 0.0001, ""discount_factor"": 0.5}",77.86727725743367,100,-0.0436474504358103,-0.0436,-0.05009999999999999,-0.037,0.0025859631298860053
"{""alpha"": 0.1, ""q_init"": ""random"", ""epsilon"": 0.5, ""epsilon_decay"": 0.0001, ""discount_factor"": 0.6}",78.05637527142608,100,-0.04327799999999999,-0.04345,-0.04959999999999999,-0.036199999999999996,0.0026318275019461285
"{""alpha"": 0.1, ""q_init"": ""random"", ""epsilon"": 0.5, ""epsilon_decay"": 0.0001, ""discount_factor"": 0.7}",76.24063291844504,100,-0.045900335389215945,-0.046049999999999994,-0.052199999999999996,-0.0241,0.004024429074712654
"{""alpha"": 0.1, ""q_init"": ""random"", ""epsilon"": 0.5, ""epsilon_decay"": 0.0001, ""discount_factor"": 0.8}",84.14145952209037,100,-0.04375992578099609,-0.0439,-0.051699999999999996,-0.033100000000000004,0.003073911102432606
"{""alpha"": 0.1, ""q_init"": ""random"", ""epsilon"": 0.5, ""epsilon_decay"": 0.0001, ""discount_factor"": 0.9}",73.48183848611734,100,-0.030945,-0.03085,-0.036399999999999995,-0.0253,0.0022445211070515683
"{""alpha"": 0.1, ""q_init"": ""random"", ""epsilon"": 0.9, ""epsilon_decay"": 0.0001, ""discount_factor"": 0.1}",77.97238483720685,100,-0.048617999999999995,-0.049699999999999994,-0.0556,-0.0275,0.004822807895821685
"{""alpha"": 0.1, ""q_init"": ""random"", ""epsilon"": 0.9, ""epsilon_decay"": 0.0001, ""discount_factor"": 0.2}",76.07225253548859,100,-0.04662,-0.04694999999999999,-0.0535,-0.037099999999999994,0.0037783594323462654
"{""alpha"": 0.1, ""q_init"": ""random"", ""epsilon"": 0.9, ""epsilon_decay"": 0.0001, ""discount_factor"": 0.3}",75.0335493462153,100,-0.04811290425531915,-0.048549999999999996,-0.055099999999999996,-0.0348,0.0036410549577573924
"{""alpha"": 0.1, ""q_init"": ""random"", ""epsilon"": 0.9, ""epsilon_decay"": 0.0001, ""discount_factor"": 0.4}",74.74832701091873,100,-0.047826543272977425,-0.047799999999999995,-0.0561,-0.0358,0.003787219360287477
"{""alpha"": 0.1, ""q_init"": ""random"", ""epsilon"": 0.9, ""epsilon_decay"": 0.0001, ""discount_factor"": 0.5}",76.34344390682236,100,-0.043958,-0.04405,-0.0493,-0.0339,0.002535317731567386
"{""alpha"": 0.1, ""q_init"": ""random"", ""epsilon"": 0.9, ""epsilon_decay"": 0.0001, ""discount_factor"": 0.6}",80.41952303678954,100,-0.04599299431284723,-0.04625,-0.0533,-0.0313,0.0035661256814094153
"{""alpha"": 0.1, ""q_init"": ""random"", ""epsilon"": 0.9, ""epsilon_decay"": 0.0001, ""discount_factor"": 0.7}",77.7221335979375,100,-0.043100999999999993,-0.04359999999999999,-0.050899999999999994,-0.0329,0.002937771093873721
"{""alpha"": 0.1, ""q_init"": ""random"", ""epsilon"": 0.9, ""epsilon_decay"": 0.0001, ""discount_factor"": 0.8}",76.38508968095994,100,-0.04318164788732395,-0.043149999999999994,-0.05746478873239436,-0.034,0.002917636916368926
"{""alpha"": 0.1, ""q_init"": ""random"", ""epsilon"": 0.9, ""epsilon_decay"": 0.0001, ""discount_factor"": 0.9}",77.15688790532295,100,-0.044117628779098396,-0.0441,-0.05009999999999999,-0.03746081504702194,0.0022623036966352133
"{""alpha"": 0.1, ""q_init"": 0.1, ""epsilon"": 0.3, ""epsilon_decay"": 0.0001, ""discount_factor"": 0.1}",92.08621015521567,100,-0.046635,-0.046549999999999994,-0.056,-0.038,0.0033087875422879603
"{""alpha"": 0.1, ""q_init"": 0.1, ""epsilon"": 0.3, ""epsilon_decay"": 0.0001, ""discount_factor"": 0.2}",77.1148641262771,100,-0.04742997238895558,-0.0474,-0.054700000000000006,-0.03739999999999999,0.0037706417473845565
"{""alpha"": 0.1, ""q_init"": 0.1, ""epsilon"": 0.3, ""epsilon_decay"": 0.0001, ""discount_factor"": 0.3}",76.01262931329256,100,-0.04547017955949686,-0.046049999999999994,-0.054299999999999994,-0.032,0.004070442237358794
"{""alpha"": 0.1, ""q_init"": 0.1, ""epsilon"": 0.3, ""epsilon_decay"": 0.0001, ""discount_factor"": 0.4}",78.0869954322061,100,-0.04690413776301045,-0.0469,-0.0556,-0.038799999999999994,0.003347613110094643
"{""alpha"": 0.1, ""q_init"": 0.1, ""epsilon"": 0.3, ""epsilon_decay"": 0.0001, ""discount_factor"": 0.5}",77.3033161468029,100,-0.04620900602208788,-0.04665,-0.052899999999999996,-0.037,0.002884327659544359
"{""alpha"": 0.1, ""q_init"": 0.1, ""epsilon"": 0.3, ""epsilon_decay"": 0.0001, ""discount_factor"": 0.6}",77.54622555750393,100,-0.043591000000000005,-0.04395,-0.0495,-0.0335,0.0026240081935847686
"{""alpha"": 0.1, ""q_init"": 0.1, ""epsilon"": 0.3, ""epsilon_decay"": 0.0001, ""discount_factor"": 0.7}",72.88995790464105,100,-0.04264899999999999,-0.043,-0.048799999999999996,-0.0332,0.0027403830024286748
"{""alpha"": 0.1, ""q_init"": 0.1, ""epsilon"": 0.3, ""epsilon_decay"": 0.0001, ""discount_factor"": 0.8}",65.90330338208514,100,-0.04337754146209915,-0.043649999999999994,-0.0513,-0.0355,0.0029157969626158065
"{""alpha"": 0.1, ""q_init"": 0.1, ""epsilon"": 0.3, ""epsilon_decay"": 0.0001, ""discount_factor"": 0.9}",64.2821718497762,100,-0.030603,-0.0305,-0.037,-0.024599999999999997,0.002752179318285784
"{""alpha"": 0.1, ""q_init"": 0.1, ""epsilon"": 0.5, ""epsilon_decay"": 0.0001, ""discount_factor"": 0.1}",67.09720896971703,100,-0.048677,-0.049,-0.0561,-0.033,0.003958379845340767
"{""alpha"": 0.1, ""q_init"": 0.1, ""epsilon"": 0.5, ""epsilon_decay"": 0.0001, ""discount_factor"": 0.2}",65.59297263484223,100,-0.046941,-0.04694999999999999,-0.053700000000000005,-0.03939999999999999,0.00331397329500405
"{""alpha"": 0.1, ""q_init"": 0.1, ""epsilon"": 0.5, ""epsilon_decay"": 0.0001, ""discount_factor"": 0.3}",62.38747654218605,100,-0.04658537651723516,-0.04705,-0.057454545454545446,-0.0338,0.004053079391415893
"{""alpha"": 0.1, ""q_init"": 0.1, ""epsilon"": 0.5, ""epsilon_decay"": 0.0001, ""discount_factor"": 0.4}",62.414241899163244,100,-0.045356845360824724,-0.045399999999999996,-0.05239999999999999,-0.036,0.003431263911040361
"{""alpha"": 0.1, ""q_init"": 0.1, ""epsilon"": 0.5, ""epsilon_decay"": 0.0001, ""discount_factor"": 0.5}",61.96885373537225,100,-0.04782017532467817,-0.04819999999999999,-0.05589999999999999,-0.0345,0.004143953167888703
"{""alpha"": 0.1, ""q_init"": 0.1, ""epsilon"": 0.5, ""epsilon_decay"": 0.0001, ""discount_factor"": 0.6}",62.04688918179454,100,-0.04360657530974772,-0.04345,-0.056,-0.0354,0.003014173032004735
"{""alpha"": 0.1, ""q_init"": 0.1, ""epsilon"": 0.5, ""epsilon_decay"": 0.0001, ""discount_factor"": 0.7}",62.18192967275172,100,-0.043019999999999996,-0.04295,-0.05,-0.037,0.003246906219772908
"{""alpha"": 0.1, ""q_init"": 0.1, ""epsilon"": 0.5, ""epsilon_decay"": 0.0001, ""discount_factor"": 0.8}",62.17396653387186,100,-0.04175600000000001,-0.0425,-0.0486,-0.028399999999999998,0.0040357482577584045
"{""alpha"": 0.1, ""q_init"": 0.1, ""epsilon"": 0.5, ""epsilon_decay"": 0.0001, ""discount_factor"": 0.9}",59.24680511801671,100,-0.04401187439613526,-0.04415,-0.0496,-0.0373,0.0026441280667460747
"{""alpha"": 0.1, ""q_init"": 0.1, ""epsilon"": 0.9, ""epsilon_decay"": 0.0001, ""discount_factor"": 0.1}",62.725229923602456,100,-0.048270999999999994,-0.048799999999999996,-0.0561,-0.0347,0.0038980070548935643
"{""alpha"": 0.1, ""q_init"": 0.1, ""epsilon"": 0.9, ""epsilon_decay"": 0.0001, ""discount_factor"": 0.2}",62.10564884613268,100,-0.04654899999999999,-0.0465,-0.0537,-0.0381,0.0030613884105091917
"{""alpha"": 0.1, ""q_init"": 0.1, ""epsilon"": 0.9, ""epsilon_decay"": 0.0001, ""discount_factor"": 0.3}",61.81007933166438,100,-0.046570512016718905,-0.04615,-0.05489999999999999,-0.0339,0.003693706831162684
"{""alpha"": 0.1, ""q_init"": 0.1, ""epsilon"": 0.9, ""epsilon_decay"": 0.0001, ""discount_factor"": 0.4}",62.1541360859992,100,-0.04401618556701031,-0.04445,-0.0523,-0.0253,0.0036741365809210167
"{""alpha"": 0.1, ""q_init"": 0.1, ""epsilon"": 0.9, ""epsilon_decay"": 0.0001, ""discount_factor"": 0.5}",61.32353940948087,100,-0.044990174846617104,-0.04525,-0.05126582278481012,-0.0345,0.002930454479853463
"{""alpha"": 0.1, ""q_init"": 0.1, ""epsilon"": 0.9, ""epsilon_decay"": 0.0001, ""discount_factor"": 0.6}",62.361725662936806,100,-0.04340786642084974,-0.04335,-0.051399999999999994,-0.03621346886912325,0.0027304527966577037
"{""alpha"": 0.1, ""q_init"": 0.1, ""epsilon"": 0.9, ""epsilon_decay"": 0.0001, ""discount_factor"": 0.7}",62.00811123781932,100,-0.04336629092254016,-0.044066048144433295,-0.04959999999999999,-0.0328,0.003252899070165149
"{""alpha"": 0.1, ""q_init"": 0.1, ""epsilon"": 0.9, ""epsilon_decay"": 0.0001, ""discount_factor"": 0.8}",61.33299094269205,100,-0.04340738219747444,-0.04345,-0.0508,-0.0256,0.0035277902092699406
"{""alpha"": 0.1, ""q_init"": 0.1, ""epsilon"": 0.9, ""epsilon_decay"": 0.0001, ""discount_factor"": 0.9}",58.68183940292147,100,-0.0432386470188748,-0.04345,-0.0482,-0.035199999999999995,0.0025283121008123815
"{""alpha"": 0.5, ""q_init"": ""random"", ""epsilon"": 0.3, ""epsilon_decay"": 0.0001, ""discount_factor"": 0.1}",62.74102361754922,100,-0.048460159516671,-0.0486,-0.05485714285714285,-0.03923705722070845,0.002366216642366155
"{""alpha"": 0.5, ""q_init"": ""random"", ""epsilon"": 0.3, ""epsilon_decay"": 0.0001, ""discount_factor"": 0.2}",62.49103684066904,100,-0.046602,-0.046700000000000005,-0.055200000000000006,-0.0411,0.0024044117783774063
"{""alpha"": 0.5, ""q_init"": ""random"", ""epsilon"": 0.3, ""epsilon_decay"": 0.0001, ""discount_factor"": 0.3}",63.27298936296938,100,-0.04158099999999999,-0.0418,-0.04769999999999999,-0.0321,0.003488801943361073
"{""alpha"": 0.5, ""q_init"": ""random"", ""epsilon"": 0.3, ""epsilon_decay"": 0.0001, ""discount_factor"": 0.4}",61.97484081127186,100,-0.046005000000000004,-0.0461,-0.051699999999999996,-0.041199999999999994,0.002161174449228937
"{""alpha"": 0.5, ""q_init"": ""random"", ""epsilon"": 0.3, ""epsilon_decay"": 0.0001, ""discount_factor"": 0.5}",62.240336367951386,100,-0.04433999999999999,-0.0443,-0.04959999999999999,-0.039299999999999995,0.0023163764806265843
"{""alpha"": 0.5, ""q_init"": ""random"", ""epsilon"": 0.3, ""epsilon_decay"": 0.0001, ""discount_factor"": 0.6}",62.43547364508777,100,-0.04466197860962568,-0.04494999999999999,-0.052899999999999996,-0.0329,0.003377004872110762
"{""alpha"": 0.5, ""q_init"": ""random"", ""epsilon"": 0.3, ""epsilon_decay"": 0.0001, ""discount_factor"": 0.7}",62.268649006220585,100,-0.039708999999999994,-0.04055,-0.0518,-0.0267,0.006910572986373849
"{""alpha"": 0.5, ""q_init"": ""random"", ""epsilon"": 0.3, ""epsilon_decay"": 0.0001, ""discount_factor"": 0.8}",61.53056338951865,100,-0.033558,-0.03359999999999999,-0.0406,-0.0268,0.002627705462946713
"{""alpha"": 0.5, ""q_init"": ""random"", ""epsilon"": 0.3, ""epsilon_decay"": 0.0001, ""discount_factor"": 0.9}",61.06274211531854,100,-0.035299,-0.0353,-0.0429,-0.027899999999999998,0.0028659551636409106
"{""alpha"": 0.5, ""q_init"": ""random"", ""epsilon"": 0.5, ""epsilon_decay"": 0.0001, ""discount_factor"": 0.1}",62.30364266970173,100,-0.04753148381605963,-0.047799999999999995,-0.055999999999999994,-0.037200000000000004,0.00337492438946702
"{""alpha"": 0.5, ""q_init"": ""random"", ""epsilon"": 0.5, ""epsilon_decay"": 0.0001, ""discount_factor"": 0.2}",63.19316720863753,100,-0.04506799999999999,-0.04525,-0.05009999999999999,-0.0384,0.0022420472787164857
"{""alpha"": 0.5, ""q_init"": ""random"", ""epsilon"": 0.5, ""epsilon_decay"": 0.0001, ""discount_factor"": 0.3}",62.61063343326532,100,-0.044741,-0.044700000000000004,-0.0499,-0.0376,0.0021472351990408497
"{""alpha"": 0.5, ""q_init"": ""random"", ""epsilon"": 0.5, ""epsilon_decay"": 0.0001, ""discount_factor"": 0.4}",62.117906501613106,100,-0.046199006652894205,-0.04599999999999999,-0.052715654952076675,-0.0415,0.0022445738548856585
"{""alpha"": 0.5, ""q_init"": ""random"", ""epsilon"": 0.5, ""epsilon_decay"": 0.0001, ""discount_factor"": 0.5}",62.30781729668706,100,-0.04648161504292618,-0.0465,-0.054599999999999996,-0.04019999999999999,0.002883367403090903
"{""alpha"": 0.5, ""q_init"": ""random"", ""epsilon"": 0.5, ""epsilon_decay"": 0.0001, ""discount_factor"": 0.6}",62.13779759952922,100,-0.04526007223456738,-0.045200000000000004,-0.058909090909090904,-0.037747035573122534,0.0026983070430415274
"{""alpha"": 0.5, ""q_init"": ""random"", ""epsilon"": 0.5, ""epsilon_decay"": 0.0001, ""discount_factor"": 0.7}",62.89090009598294,100,-0.04236500000000001,-0.042649999999999993,-0.0479,-0.035199999999999995,0.002958221594133881
"{""alpha"": 0.5, ""q_init"": ""random"", ""epsilon"": 0.5, ""epsilon_decay"": 0.0001, ""discount_factor"": 0.8}",62.45952984934047,100,-0.044902586660879686,-0.0448,-0.0529100529100529,-0.0406,0.0020802863162195945
"{""alpha"": 0.5, ""q_init"": ""random"", ""epsilon"": 0.5, ""epsilon_decay"": 0.0001, ""discount_factor"": 0.9}",61.02755803891523,100,-0.030780999999999996,-0.030600000000000002,-0.038299999999999994,-0.0246,0.002785415408875307
"{""alpha"": 0.5, ""q_init"": ""random"", ""epsilon"": 0.9, ""epsilon_decay"": 0.0001, ""discount_factor"": 0.1}",63.2203211490214,100,-0.047681214428442906,-0.047749999999999994,-0.05569999999999999,-0.0401,0.002981770654829757
"{""alpha"": 0.5, ""q_init"": ""random"", ""epsilon"": 0.9, ""epsilon_decay"": 0.0001, ""discount_factor"": 0.2}",62.3092284680024,100,-0.046629,-0.04675,-0.05669999999999999,-0.039,0.004002231752410147
"{""alpha"": 0.5, ""q_init"": ""random"", ""epsilon"": 0.9, ""epsilon_decay"": 0.0001, ""discount_factor"": 0.3}",62.859302129592834,100,-0.043583,-0.04375,-0.048799999999999996,-0.03609999999999999,0.002652434919088496
"{""alpha"": 0.5, ""q_init"": ""random"", ""epsilon"": 0.9, ""epsilon_decay"": 0.0001, ""discount_factor"": 0.4}",62.72634736535474,100,-0.04530521943573666,-0.04645,-0.0573,-0.030400000000000003,0.006140213648905023
"{""alpha"": 0.5, ""q_init"": ""random"", ""epsilon"": 0.9, ""epsilon_decay"": 0.0001, ""discount_factor"": 0.5}",62.15032994327703,100,-0.04580799999999999,-0.04619999999999999,-0.052399999999999995,-0.0389,0.00273936781028032
"{""alpha"": 0.5, ""q_init"": ""random"", ""epsilon"": 0.9, ""epsilon_decay"": 0.0001, ""discount_factor"": 0.6}",62.53405817185194,100,-0.048088,-0.048299999999999996,-0.0537,-0.0412,0.0026283180933821537
"{""alpha"": 0.5, ""q_init"": ""random"", ""epsilon"": 0.9, ""epsilon_decay"": 0.0001, ""discount_factor"": 0.7}",62.607992688144805,100,-0.042022830188679236,-0.0426,-0.0505,-0.032299999999999995,0.003593307795243312
"{""alpha"": 0.5, ""q_init"": ""random"", ""epsilon"": 0.9, ""epsilon_decay"": 0.0001, ""discount_factor"": 0.8}",61.3159475757966,100,-0.04253199999999999,-0.04265,-0.04959999999999999,-0.0304,0.003440199994186384
"{""alpha"": 0.5, ""q_init"": ""random"", ""epsilon"": 0.9, ""epsilon_decay"": 0.0001, ""discount_factor"": 0.9}",60.92803378912686,100,-0.030063999999999997,-0.030100000000000002,-0.035300000000000005,-0.0248,0.0021565954650791604
"{""alpha"": 0.5, ""q_init"": 0.1, ""epsilon"": 0.3, ""epsilon_decay"": 0.0001, ""discount_factor"": 0.1}",63.373864486649836,100,-0.045348,-0.045649999999999996,-0.0554,-0.0344,0.0037032277812740597
"{""alpha"": 0.5, ""q_init"": 0.1, ""epsilon"": 0.3, ""epsilon_decay"": 0.0001, ""discount_factor"": 0.2}",62.76996814462473,100,-0.045166000000000005,-0.045849999999999995,-0.049999999999999996,-0.028399999999999998,0.0033349128924156325
"{""alpha"": 0.5, ""q_init"": 0.1, ""epsilon"": 0.3, ""epsilon_decay"": 0.0001, ""discount_factor"": 0.3}",58.211731410585344,100,-0.046712999999999984,-0.04665,-0.0533,-0.04019999999999999,0.0022030276893402864
"{""alpha"": 0.5, ""q_init"": 0.1, ""epsilon"": 0.3, ""epsilon_decay"": 0.0001, ""discount_factor"": 0.4}",62.97477522460031,100,-0.04675806357985822,-0.046849999999999996,-0.05333333333333332,-0.0397,0.0026385817944417343
"{""alpha"": 0.5, ""q_init"": 0.1, ""epsilon"": 0.3, ""epsilon_decay"": 0.0001, ""discount_factor"": 0.5}",61.5927494285861,100,-0.04574630408107337,-0.04575,-0.0523,-0.040408163265306114,0.002242026838172997
"{""alpha"": 0.5, ""q_init"": 0.1, ""epsilon"": 0.3, ""epsilon_decay"": 0.0001, ""discount_factor"": 0.6}",61.87746329085712,100,-0.043695,-0.04375,-0.05,-0.0373,0.002713830318940371
"{""alpha"": 0.5, ""q_init"": 0.1, ""epsilon"": 0.3, ""epsilon_decay"": 0.0001, ""discount_factor"": 0.7}",62.500006699712685,100,-0.043057999999999985,-0.04345,-0.0486,-0.032100000000000004,0.0026409536156471957
"{""alpha"": 0.5, ""q_init"": 0.1, ""epsilon"": 0.3, ""epsilon_decay"": 0.0001, ""discount_factor"": 0.8}",61.96140859015941,100,-0.044241,-0.0445,-0.049499999999999995,-0.0379,0.0024949987975949
"{""alpha"": 0.5, ""q_init"": 0.1, ""epsilon"": 0.3, ""epsilon_decay"": 0.0001, ""discount_factor"": 0.9}",60.39186027076721,100,-0.033376,-0.033299999999999996,-0.04,-0.026699999999999998,0.002946629260697721
"{""alpha"": 0.5, ""q_init"": 0.1, ""epsilon"": 0.5, ""epsilon_decay"": 0.0001, ""discount_factor"": 0.1}",61.62966661518658,100,-0.04868004222120471,-0.0486,-0.0565,-0.039099999999999996,0.0030722315394737204
"{""alpha"": 0.5, ""q_init"": 0.1, ""epsilon"": 0.5, ""epsilon_decay"": 0.0001, ""discount_factor"": 0.2}",62.828544095755205,100,-0.047825,-0.04834999999999999,-0.0585,-0.036,0.003555372694950559
"{""alpha"": 0.5, ""q_init"": 0.1, ""epsilon"": 0.5, ""epsilon_decay"": 0.0001, ""discount_factor"": 0.3}",62.791552507067536,100,-0.047026775981524244,-0.04725,-0.0569,-0.0371,0.003619049749678127
"{""alpha"": 0.5, ""q_init"": 0.1, ""epsilon"": 0.5, ""epsilon_decay"": 0.0001, ""discount_factor"": 0.4}",62.92274771487064,100,-0.04493599999999999,-0.04489999999999999,-0.053099999999999994,-0.0395,0.0024275716261317596
"{""alpha"": 0.5, ""q_init"": 0.1, ""epsilon"": 0.5, ""epsilon_decay"": 0.0001, ""discount_factor"": 0.5}",62.97151175870022,100,-0.046448,-0.0465,-0.0525,-0.0392,0.002674489857898137
"{""alpha"": 0.5, ""q_init"": 0.1, ""epsilon"": 0.5, ""epsilon_decay"": 0.0001, ""discount_factor"": 0.6}",18961.917786400427,100,-0.043609,-0.04404999999999999,-0.0495,-0.035699999999999996,0.0026005805121164767
"{""alpha"": 0.5, ""q_init"": 0.1, ""epsilon"": 0.5, ""epsilon_decay"": 0.0001, ""discount_factor"": 0.7}",66.34960376481467,100,-0.04233099999999999,-0.043,-0.048799999999999996,-0.0286,0.0035745403900361785
"{""alpha"": 0.5, ""q_init"": 0.1, ""epsilon"": 0.5, ""epsilon_decay"": 0.0001, ""discount_factor"": 0.8}",63.08886359453027,100,-0.042253000000000006,-0.042499999999999996,-0.0634,-0.0311,0.004915128787732831
"{""alpha"": 0.5, ""q_init"": 0.1, ""epsilon"": 0.5, ""epsilon_decay"": 0.0001, ""discount_factor"": 0.9}",63.25712338263111,100,-0.030598999999999998,-0.030599999999999995,-0.03689999999999999,-0.0235,0.002788745058265455
"{""alpha"": 0.5, ""q_init"": 0.1, ""epsilon"": 0.9, ""epsilon_decay"": 0.0001, ""discount_factor"": 0.1}",64.52825163561647,100,-0.0460958687676525,-0.04639999999999999,-0.0566,-0.0288,0.00471966808471838
"{""alpha"": 0.5, ""q_init"": 0.1, ""epsilon"": 0.9, ""epsilon_decay"": 0.0001, ""discount_factor"": 0.2}",65.292974256874,100,-0.04691092790387181,-0.047299999999999995,-0.05489999999999999,-0.0378,0.002951594948988042
"{""alpha"": 0.5, ""q_init"": 0.1, ""epsilon"": 0.9, ""epsilon_decay"": 0.0001, ""discount_factor"": 0.3}",62.777739107499656,100,-0.046658,-0.0465,-0.0509,-0.04259999999999999,0.0020130166417593274
"{""alpha"": 0.5, ""q_init"": 0.1, ""epsilon"": 0.9, ""epsilon_decay"": 0.0001, ""discount_factor"": 0.4}",62.23880037038907,100,-0.052139364532019686,-0.05225,-0.0605,-0.0438,0.002924746155935247
"{""alpha"": 0.5, ""q_init"": 0.1, ""epsilon"": 0.9, ""epsilon_decay"": 0.0001, ""discount_factor"": 0.5}",62.56970064973575,100,-0.04369,-0.044149999999999995,-0.0497,-0.03409999999999999,0.002918681209039452
"{""alpha"": 0.5, ""q_init"": 0.1, ""epsilon"": 0.9, ""epsilon_decay"": 0.0001, ""discount_factor"": 0.6}",62.322453703214705,100,-0.04758021588946458,-0.04775,-0.052399999999999995,-0.0406,0.0023051260260364085
"{""alpha"": 0.5, ""q_init"": 0.1, ""epsilon"": 0.9, ""epsilon_decay"": 0.0001, ""discount_factor"": 0.7}",62.66231079479621,100,-0.04688671981776764,-0.04684999999999999,-0.053599999999999995,-0.040799999999999996,0.002330708888798821
"{""alpha"": 0.5, ""q_init"": 0.1, ""epsilon"": 0.9, ""epsilon_decay"": 0.0001, ""discount_factor"": 0.8}",62.30664202582557,100,-0.044677999999999995,-0.0445,-0.0509,-0.037599999999999995,0.002245821898548503
"{""alpha"": 0.5, ""q_init"": 0.1, ""epsilon"": 0.9, ""epsilon_decay"": 0.0001, ""discount_factor"": 0.9}",61.93666407846467,100,-0.030735000000000002,-0.03065,-0.0365,-0.024700000000000003,0.00251234452255259
"{""alpha"": 0.9, ""q_init"": ""random"", ""epsilon"": 0.3, ""epsilon_decay"": 0.0001, ""discount_factor"": 0.1}",61.818819637352135,100,-0.04910838304246193,-0.049,-0.05489999999999999,-0.0419,0.002845319612982373
"{""alpha"": 0.9, ""q_init"": ""random"", ""epsilon"": 0.3, ""epsilon_decay"": 0.0001, ""discount_factor"": 0.2}",60.84008699754486,100,-0.04705399999999999,-0.047,-0.054799999999999995,-0.0418,0.002193327152980147
"{""alpha"": 0.9, ""q_init"": ""random"", ""epsilon"": 0.3, ""epsilon_decay"": 0.0001, ""discount_factor"": 0.3}",61.26142565680493,100,-0.054759474781292575,-0.05489999999999999,-0.0602,-0.04789999999999999,0.0026411288593263748
"{""alpha"": 0.9, ""q_init"": ""random"", ""epsilon"": 0.3, ""epsilon_decay"": 0.0001, ""discount_factor"": 0.4}",60.464222470000095,100,-0.04985279855801334,-0.049649999999999986,-0.0555,-0.042899999999999994,0.0024835424608128974
"{""alpha"": 0.9, ""q_init"": ""random"", ""epsilon"": 0.3, ""epsilon_decay"": 0.0001, ""discount_factor"": 0.5}",57.26591481771902,100,-0.05140584834206135,-0.05115607287449392,-0.059751037344398336,-0.04521337946943483,0.0033888011764169187
"{""alpha"": 0.9, ""q_init"": ""random"", ""epsilon"": 0.3, ""epsilon_decay"": 0.0001, ""discount_factor"": 0.6}",57.045766450792144,100,-0.044764817645273174,-0.04513953168044077,-0.05390624999999999,-0.0315,0.0038488079935079023
"{""alpha"": 0.9, ""q_init"": ""random"", ""epsilon"": 0.3, ""epsilon_decay"": 0.0001, ""discount_factor"": 0.7}",61.73300899666356,100,-0.04032523822547927,-0.039999999999999994,-0.051399999999999994,-0.030799999999999998,0.004904742968140697
"{""alpha"": 0.9, ""q_init"": ""random"", ""epsilon"": 0.3, ""epsilon_decay"": 0.0001, ""discount_factor"": 0.8}",60.69229695106333,100,-0.03724278835978836,-0.0373,-0.04740740740740741,-0.0297,0.004080100188815031
"{""alpha"": 0.9, ""q_init"": ""random"", ""epsilon"": 0.3, ""epsilon_decay"": 0.0001, ""discount_factor"": 0.9}",59.89029676911741,100,-0.030536999999999995,-0.0302,-0.0365,-0.0253,0.0021242718752551427
"{""alpha"": 0.9, ""q_init"": ""random"", ""epsilon"": 0.5, ""epsilon_decay"": 0.0001, ""discount_factor"": 0.1}",60.98327257750498,100,-0.04857067581825651,-0.0486,-0.0556,-0.0418,0.0026672888957274435
"{""alpha"": 0.9, ""q_init"": ""random"", ""epsilon"": 0.5, ""epsilon_decay"": 0.0001, ""discount_factor"": 0.2}",61.40571386861848,100,-0.04646788477770846,-0.0466,-0.0537,-0.041,0.0026431545342624364
"{""alpha"": 0.9, ""q_init"": ""random"", ""epsilon"": 0.5, ""epsilon_decay"": 0.0001, ""discount_factor"": 0.3}",58.76037732788973,100,-0.036791132338894444,-0.03485,-0.060629921259842505,-0.025200000000000004,0.007467240651552484
"{""alpha"": 0.9, ""q_init"": ""random"", ""epsilon"": 0.5, ""epsilon_decay"": 0.0001, ""discount_factor"": 0.4}",60.75012323947158,100,-0.04767167112606403,-0.0484,-0.055,-0.031299999999999994,0.004168920095861349
"{""alpha"": 0.9, ""q_init"": ""random"", ""epsilon"": 0.5, ""epsilon_decay"": 0.0001, ""discount_factor"": 0.5}",61.50859714338003,100,-0.04375699999999999,-0.04404999999999999,-0.049699999999999994,-0.0362,0.0026176422597444437
"{""alpha"": 0.9, ""q_init"": ""random"", ""epsilon"": 0.5, ""epsilon_decay"": 0.0001, ""discount_factor"": 0.6}",60.99933743356087,100,-0.0493549087403579,-0.049199999999999994,-0.06015936254980079,-0.0412,0.003182174998387314
"{""alpha"": 0.9, ""q_init"": ""random"", ""epsilon"": 0.5, ""epsilon_decay"": 0.0001, ""discount_factor"": 0.7}",61.20538642891188,100,-0.04393119885263093,-0.0445,-0.05111607142857143,-0.0315,0.0031045088493241156
"{""alpha"": 0.9, ""q_init"": ""random"", ""epsilon"": 0.5, ""epsilon_decay"": 0.0001, ""discount_factor"": 0.8}",61.62893528852146,100,-0.030632000000000003,-0.030649999999999997,-0.0375,-0.0255,0.002314643817091519
"{""alpha"": 0.9, ""q_init"": ""random"", ""epsilon"": 0.5, ""epsilon_decay"": 0.0001, ""discount_factor"": 0.9}",60.628398958797334,100,-0.030282000000000003,-0.03025,-0.0349,-0.0246,0.002460259335923755
"{""alpha"": 0.9, ""q_init"": ""random"", ""epsilon"": 0.9, ""epsilon_decay"": 0.0001, ""discount_factor"": 0.1}",62.36595071408374,100,-0.04871667965683686,-0.04814999999999999,-0.061200000000000004,-0.031,0.005045871500694134
"{""alpha"": 0.9, ""q_init"": ""random"", ""epsilon"": 0.9, ""epsilon_decay"": 0.0001, ""discount_factor"": 0.2}",60.5766909196318,100,-0.04589234862385322,-0.045649999999999996,-0.052899999999999996,-0.04019999999999999,0.00237256556743329
"{""alpha"": 0.9, ""q_init"": ""random"", ""epsilon"": 0.9, ""epsilon_decay"": 0.0001, ""discount_factor"": 0.3}",60.50596204012254,100,-0.04726715341260311,-0.04725,-0.05851063829787234,-0.035852713178294575,0.003727738862683135
"{""alpha"": 0.9, ""q_init"": ""random"", ""epsilon"": 0.9, ""epsilon_decay"": 0.0001, ""discount_factor"": 0.4}",61.46955614748731,100,-0.046965500572927664,-0.047,-0.05739999999999999,-0.0358,0.004093162787540198
"{""alpha"": 0.9, ""q_init"": ""random"", ""epsilon"": 0.9, ""epsilon_decay"": 0.0001, ""discount_factor"": 0.5}",60.23934657337668,100,-0.04575400000000001,-0.04575,-0.054799999999999995,-0.037399999999999996,0.0035757074824431592
"{""alpha"": 0.9, ""q_init"": ""random"", ""epsilon"": 0.9, ""epsilon_decay"": 0.0001, ""discount_factor"": 0.6}",59.28977602504165,100,-0.04855970422563932,-0.0484,-0.05824411134903639,-0.04159663865546219,0.0029768259711269265
"{""alpha"": 0.9, ""q_init"": ""random"", ""epsilon"": 0.9, ""epsilon_decay"": 0.0001, ""discount_factor"": 0.7}",60.63812024364597,100,-0.052039,-0.05125,-0.0642,-0.0448,0.005056241588373719
"{""alpha"": 0.9, ""q_init"": ""random"", ""epsilon"": 0.9, ""epsilon_decay"": 0.0001, ""discount_factor"": 0.8}",62.169162486403366,100,-0.029864,-0.0298,-0.0359,-0.025,0.002226545306073963
"{""alpha"": 0.9, ""q_init"": ""random"", ""epsilon"": 0.9, ""epsilon_decay"": 0.0001, ""discount_factor"": 0.9}",55.53348093861132,100,-0.030376000000000004,-0.030350000000000002,-0.0361,-0.0252,0.0023871790883802577
"{""alpha"": 0.9, ""q_init"": 0.1, ""epsilon"": 0.3, ""epsilon_decay"": 0.0001, ""discount_factor"": 0.1}",61.37617377224524,100,-0.04622,-0.04639999999999999,-0.051399999999999994,-0.038299999999999994,0.0025069104491385404
"{""alpha"": 0.9, ""q_init"": 0.1, ""epsilon"": 0.3, ""epsilon_decay"": 0.0001, ""discount_factor"": 0.2}",61.82760754627816,100,-0.04897788262345947,-0.04869999999999999,-0.05689999999999999,-0.04309999999999999,0.0030806109563686285
"{""alpha"": 0.9, ""q_init"": 0.1, ""epsilon"": 0.3, ""epsilon_decay"": 0.0001, ""discount_factor"": 0.3}",61.35706618823315,100,-0.050105945093721446,-0.05035,-0.0556,-0.045099999999999994,0.0026592078904966554
"{""alpha"": 0.9, ""q_init"": 0.1, ""epsilon"": 0.3, ""epsilon_decay"": 0.0001, ""discount_factor"": 0.4}",61.072874551035056,100,-0.04739635706462211,-0.04744999999999999,-0.05339999999999999,-0.0409,0.002409836797113544
"{""alpha"": 0.9, ""q_init"": 0.1, ""epsilon"": 0.3, ""epsilon_decay"": 0.0001, ""discount_factor"": 0.5}",62.67290057412902,100,-0.04651009668430488,-0.04639999999999999,-0.053599999999999995,-0.04089999999999999,0.0024120534584285034
"{""alpha"": 0.9, ""q_init"": 0.1, ""epsilon"": 0.3, ""epsilon_decay"": 0.0001, ""discount_factor"": 0.6}",62.31784500529466,100,-0.04874506560636182,-0.04884999999999999,-0.055,-0.04159999999999999,0.0026473185989010547
"{""alpha"": 0.9, ""q_init"": 0.1, ""epsilon"": 0.3, ""epsilon_decay"": 0.0001, ""discount_factor"": 0.7}",60.36823919530434,100,-0.0480240450766775,-0.04795,-0.05617021276595744,-0.0418,0.0028738628609720155
"{""alpha"": 0.9, ""q_init"": 0.1, ""epsilon"": 0.3, ""epsilon_decay"": 0.0001, ""discount_factor"": 0.8}",61.86054898161092,100,-0.063227,-0.063,-0.0663,-0.06,0.0014374877390781456
"{""alpha"": 0.9, ""q_init"": 0.1, ""epsilon"": 0.3, ""epsilon_decay"": 0.0001, ""discount_factor"": 0.9}",35.29791441432462,100,-0.0618788646599498,-0.06146337839845491,-0.07696629213483144,-0.03320158102766799,0.005862925660351129
"{""alpha"": 0.9, ""q_init"": 0.1, ""epsilon"": 0.5, ""epsilon_decay"": 0.0001, ""discount_factor"": 0.1}",61.784862313827034,100,-0.0505917985215379,-0.0503,-0.06141078838174274,-0.043399999999999994,0.0031460943807945763
"{""alpha"": 0.9, ""q_init"": 0.1, ""epsilon"": 0.5, ""epsilon_decay"": 0.0001, ""discount_factor"": 0.2}",62.63422982557677,100,-0.045852,-0.04544999999999999,-0.06119999999999999,-0.041199999999999994,0.0032258791049882816
"{""alpha"": 0.9, ""q_init"": 0.1, ""epsilon"": 0.5, ""epsilon_decay"": 0.0001, ""discount_factor"": 0.3}",61.665561566493125,100,-0.046849999999999996,-0.04699999999999999,-0.0508,-0.04209999999999999,0.0017866449003649276
"{""alpha"": 0.9, ""q_init"": 0.1, ""epsilon"": 0.5, ""epsilon_decay"": 0.0001, ""discount_factor"": 0.4}",60.75841607480106,100,-0.04678984843006274,-0.0466,-0.05630252100840335,-0.040799999999999996,0.0025222444475329047
"{""alpha"": 0.9, ""q_init"": 0.1, ""epsilon"": 0.5, ""epsilon_decay"": 0.0001, ""discount_factor"": 0.5}",60.94080873304483,100,-0.045703400470729766,-0.0455,-0.0593258426966292,-0.040100000000000004,0.0026570629018462842
"{""alpha"": 0.9, ""q_init"": 0.1, ""epsilon"": 0.5, ""epsilon_decay"": 0.0001, ""discount_factor"": 0.6}",58.88750052010437,100,-0.0331,-0.0329,-0.0396,-0.024399999999999998,0.0029549280871114278
"{""alpha"": 0.9, ""q_init"": 0.1, ""epsilon"": 0.5, ""epsilon_decay"": 0.0001, ""discount_factor"": 0.7}",59.1836670143457,100,-0.04552613207547169,-0.045599999999999995,-0.052,-0.0401,0.0022640683848941913
"{""alpha"": 0.9, ""q_init"": 0.1, ""epsilon"": 0.5, ""epsilon_decay"": 0.0001, ""discount_factor"": 0.8}",58.460266465248424,100,-0.046341,-0.046299999999999994,-0.0527,-0.041299999999999996,0.0024886580721344576
"{""alpha"": 0.9, ""q_init"": 0.1, ""epsilon"": 0.5, ""epsilon_decay"": 0.0001, ""discount_factor"": 0.9}",57.25310355429974,100,-0.031066000000000003,-0.0312,-0.037099999999999994,-0.024,0.0022572647164211816
"{""alpha"": 0.9, ""q_init"": 0.1, ""epsilon"": 0.9, ""epsilon_decay"": 0.0001, ""discount_factor"": 0.1}",61.006027274183,100,-0.04427896299170483,-0.0448,-0.06014109347442681,-0.027100000000000003,0.004933669904101166
"{""alpha"": 0.9, ""q_init"": 0.1, ""epsilon"": 0.9, ""epsilon_decay"": 0.0001, ""discount_factor"": 0.2}",60.504403827719216,100,-0.052155426803013605,-0.05190419847328244,-0.06502242152466366,-0.0457,0.003497011682075942
"{""alpha"": 0.9, ""q_init"": 0.1, ""epsilon"": 0.9, ""epsilon_decay"": 0.0001, ""discount_factor"": 0.3}",3370.0836272392044,100,-0.04807720351762781,-0.04715,-0.057999999999999996,-0.039299999999999995,0.0037723311402833417
"{""alpha"": 0.9, ""q_init"": 0.1, ""epsilon"": 0.9, ""epsilon_decay"": 0.0001, ""discount_factor"": 0.4}",74.71562852837087,100,-0.053178875072814075,-0.0532,-0.06511627906976743,-0.045,0.003966908949261273
"{""alpha"": 0.9, ""q_init"": 0.1, ""epsilon"": 0.9, ""epsilon_decay"": 0.0001, ""discount_factor"": 0.5}",64.15737204780453,100,-0.039623511343804534,-0.04145,-0.0525,-0.0234,0.006492610370244588
"{""alpha"": 0.9, ""q_init"": 0.1, ""epsilon"": 0.9, ""epsilon_decay"": 0.0001, ""discount_factor"": 0.6}",65.71858592312492,100,-0.04583915415583215,-0.0455,-0.05739999999999999,-0.0405,0.0029321460434196985
"{""alpha"": 0.9, ""q_init"": 0.1, ""epsilon"": 0.9, ""epsilon_decay"": 0.0001, ""discount_factor"": 0.7}",71.49301431411732,100,-0.046019,-0.045849999999999995,-0.053,-0.040999999999999995,0.002212812463811608
"{""alpha"": 0.9, ""q_init"": 0.1, ""epsilon"": 0.9, ""epsilon_decay"": 0.0001, ""discount_factor"": 0.8}",69.7091386213142,100,-0.05963799999999999,-0.06149999999999999,-0.06639999999999999,-0.0434,0.00474712081160781
"{""alpha"": 0.9, ""q_init"": 0.1, ""epsilon"": 0.9, ""epsilon_decay"": 0.0001, ""discount_factor"": 0.9}",78.71129169778578,100,-0.031128999999999993,-0.0311,-0.037899999999999996,-0.0254,0.0027988674495231097
